PATTY-BV,line-exchange,files/line-exchange/domain.pddl,files/line-exchange/instances/2_10_25_10.pddl
PATTY-BV,line-exchange,files/line-exchange/domain.pddl,files/line-exchange/instances/2_10_25_100.pddl
PATTY-BV,line-exchange,files/line-exchange/domain.pddl,files/line-exchange/instances/2_10_25_50.pddl
PATTY-BV,line-exchange,files/line-exchange/domain.pddl,files/line-exchange/instances/2_10_50_10.pddl
PATTY-BV,line-exchange,files/line-exchange/domain.pddl,files/line-exchange/instances/2_10_50_100.pddl
PATTY-BV,line-exchange,files/line-exchange/domain.pddl,files/line-exchange/instances/2_10_50_50.pddl
PATTY-BV,line-exchange,files/line-exchange/domain.pddl,files/line-exchange/instances/2_10_90_10.pddl
PATTY-BV,line-exchange,files/line-exchange/domain.pddl,files/line-exchange/instances/2_10_90_100.pddl
PATTY-BV,line-exchange,files/line-exchange/domain.pddl,files/line-exchange/instances/2_10_90_50.pddl
PATTY-BV,line-exchange,files/line-exchange/domain.pddl,files/line-exchange/instances/2_15_25_10.pddl
PATTY-BV,line-exchange,files/line-exchange/domain.pddl,files/line-exchange/instances/2_15_25_100.pddl
PATTY-BV,line-exchange,files/line-exchange/domain.pddl,files/line-exchange/instances/2_15_25_50.pddl
PATTY-BV,line-exchange,files/line-exchange/domain.pddl,files/line-exchange/instances/2_15_50_10.pddl
PATTY-BV,line-exchange,files/line-exchange/domain.pddl,files/line-exchange/instances/2_15_50_100.pddl
PATTY-BV,line-exchange,files/line-exchange/domain.pddl,files/line-exchange/instances/2_15_50_50.pddl
PATTY-BV,line-exchange,files/line-exchange/domain.pddl,files/line-exchange/instances/2_15_90_10.pddl
PATTY-BV,line-exchange,files/line-exchange/domain.pddl,files/line-exchange/instances/2_15_90_100.pddl
PATTY-BV,line-exchange,files/line-exchange/domain.pddl,files/line-exchange/instances/2_15_90_50.pddl
PATTY-BV,line-exchange,files/line-exchange/domain.pddl,files/line-exchange/instances/2_5_25_10.pddl
PATTY-BV,line-exchange,files/line-exchange/domain.pddl,files/line-exchange/instances/2_5_25_100.pddl
PATTY-BV,line-exchange,files/line-exchange/domain.pddl,files/line-exchange/instances/2_5_25_50.pddl
PATTY-BV,line-exchange,files/line-exchange/domain.pddl,files/line-exchange/instances/2_5_50_10.pddl
PATTY-BV,line-exchange,files/line-exchange/domain.pddl,files/line-exchange/instances/2_5_50_100.pddl
PATTY-BV,line-exchange,files/line-exchange/domain.pddl,files/line-exchange/instances/2_5_50_50.pddl
PATTY-BV,line-exchange,files/line-exchange/domain.pddl,files/line-exchange/instances/2_5_90_10.pddl
PATTY-BV,line-exchange,files/line-exchange/domain.pddl,files/line-exchange/instances/2_5_90_100.pddl
PATTY-BV,line-exchange,files/line-exchange/domain.pddl,files/line-exchange/instances/2_5_90_50.pddl
PATTY-BV,line-exchange,files/line-exchange/domain.pddl,files/line-exchange/instances/3_10_25_10.pddl
PATTY-BV,line-exchange,files/line-exchange/domain.pddl,files/line-exchange/instances/3_10_25_100.pddl
PATTY-BV,line-exchange,files/line-exchange/domain.pddl,files/line-exchange/instances/3_10_25_50.pddl
PATTY-BV,line-exchange,files/line-exchange/domain.pddl,files/line-exchange/instances/3_10_50_10.pddl
PATTY-BV,line-exchange,files/line-exchange/domain.pddl,files/line-exchange/instances/3_10_50_100.pddl
PATTY-BV,line-exchange,files/line-exchange/domain.pddl,files/line-exchange/instances/3_10_50_50.pddl
PATTY-BV,line-exchange,files/line-exchange/domain.pddl,files/line-exchange/instances/3_10_90_10.pddl
PATTY-BV,line-exchange,files/line-exchange/domain.pddl,files/line-exchange/instances/3_10_90_100.pddl
PATTY-BV,line-exchange,files/line-exchange/domain.pddl,files/line-exchange/instances/3_10_90_50.pddl
PATTY-BV,line-exchange,files/line-exchange/domain.pddl,files/line-exchange/instances/3_15_25_10.pddl
PATTY-BV,line-exchange,files/line-exchange/domain.pddl,files/line-exchange/instances/3_15_25_100.pddl
PATTY-BV,line-exchange,files/line-exchange/domain.pddl,files/line-exchange/instances/3_15_25_50.pddl
PATTY-BV,line-exchange,files/line-exchange/domain.pddl,files/line-exchange/instances/3_15_50_10.pddl
PATTY-BV,line-exchange,files/line-exchange/domain.pddl,files/line-exchange/instances/3_15_50_100.pddl
PATTY-BV,line-exchange,files/line-exchange/domain.pddl,files/line-exchange/instances/3_15_50_50.pddl
PATTY-BV,line-exchange,files/line-exchange/domain.pddl,files/line-exchange/instances/3_15_90_10.pddl
PATTY-BV,line-exchange,files/line-exchange/domain.pddl,files/line-exchange/instances/3_15_90_100.pddl
PATTY-BV,line-exchange,files/line-exchange/domain.pddl,files/line-exchange/instances/3_15_90_50.pddl
PATTY-BV,line-exchange,files/line-exchange/domain.pddl,files/line-exchange/instances/3_5_25_10.pddl
PATTY-BV,line-exchange,files/line-exchange/domain.pddl,files/line-exchange/instances/3_5_25_100.pddl
PATTY-BV,line-exchange,files/line-exchange/domain.pddl,files/line-exchange/instances/3_5_25_50.pddl
PATTY-BV,line-exchange,files/line-exchange/domain.pddl,files/line-exchange/instances/3_5_50_10.pddl
PATTY-BV,line-exchange,files/line-exchange/domain.pddl,files/line-exchange/instances/3_5_50_100.pddl
PATTY-BV,line-exchange,files/line-exchange/domain.pddl,files/line-exchange/instances/3_5_50_50.pddl
PATTY-BV,line-exchange,files/line-exchange/domain.pddl,files/line-exchange/instances/3_5_90_10.pddl
PATTY-BV,line-exchange,files/line-exchange/domain.pddl,files/line-exchange/instances/3_5_90_100.pddl
PATTY-BV,line-exchange,files/line-exchange/domain.pddl,files/line-exchange/instances/3_5_90_50.pddl
PATTY-BV,line-exchange,files/line-exchange/domain.pddl,files/line-exchange/instances/4_10_25_10.pddl
PATTY-BV,line-exchange,files/line-exchange/domain.pddl,files/line-exchange/instances/4_10_25_100.pddl
PATTY-BV,line-exchange,files/line-exchange/domain.pddl,files/line-exchange/instances/4_10_25_50.pddl
PATTY-BV,line-exchange,files/line-exchange/domain.pddl,files/line-exchange/instances/4_10_50_10.pddl
PATTY-BV,line-exchange,files/line-exchange/domain.pddl,files/line-exchange/instances/4_10_50_100.pddl
PATTY-BV,line-exchange,files/line-exchange/domain.pddl,files/line-exchange/instances/4_10_50_50.pddl
PATTY-BV,line-exchange,files/line-exchange/domain.pddl,files/line-exchange/instances/4_10_90_10.pddl
PATTY-BV,line-exchange,files/line-exchange/domain.pddl,files/line-exchange/instances/4_10_90_100.pddl
PATTY-BV,line-exchange,files/line-exchange/domain.pddl,files/line-exchange/instances/4_10_90_50.pddl
PATTY-BV,line-exchange,files/line-exchange/domain.pddl,files/line-exchange/instances/4_15_25_10.pddl
PATTY-BV,line-exchange,files/line-exchange/domain.pddl,files/line-exchange/instances/4_15_25_100.pddl
PATTY-BV,line-exchange,files/line-exchange/domain.pddl,files/line-exchange/instances/4_15_25_50.pddl
PATTY-BV,line-exchange,files/line-exchange/domain.pddl,files/line-exchange/instances/4_15_50_10.pddl
PATTY-BV,line-exchange,files/line-exchange/domain.pddl,files/line-exchange/instances/4_15_50_100.pddl
PATTY-BV,line-exchange,files/line-exchange/domain.pddl,files/line-exchange/instances/4_15_50_50.pddl
PATTY-BV,line-exchange,files/line-exchange/domain.pddl,files/line-exchange/instances/4_15_90_10.pddl
PATTY-BV,line-exchange,files/line-exchange/domain.pddl,files/line-exchange/instances/4_15_90_100.pddl
PATTY-BV,line-exchange,files/line-exchange/domain.pddl,files/line-exchange/instances/4_15_90_50.pddl
PATTY-BV,line-exchange,files/line-exchange/domain.pddl,files/line-exchange/instances/4_5_25_10.pddl
PATTY-BV,line-exchange,files/line-exchange/domain.pddl,files/line-exchange/instances/4_5_25_100.pddl
PATTY-BV,line-exchange,files/line-exchange/domain.pddl,files/line-exchange/instances/4_5_25_50.pddl
PATTY-BV,line-exchange,files/line-exchange/domain.pddl,files/line-exchange/instances/4_5_50_10.pddl
PATTY-BV,line-exchange,files/line-exchange/domain.pddl,files/line-exchange/instances/4_5_50_100.pddl
PATTY-BV,line-exchange,files/line-exchange/domain.pddl,files/line-exchange/instances/4_5_50_50.pddl
PATTY-BV,line-exchange,files/line-exchange/domain.pddl,files/line-exchange/instances/4_5_90_10.pddl
PATTY-BV,line-exchange,files/line-exchange/domain.pddl,files/line-exchange/instances/4_5_90_100.pddl
PATTY-BV,line-exchange,files/line-exchange/domain.pddl,files/line-exchange/instances/4_5_90_50.pddl
PATTY-BV,line-exchange,files/line-exchange/domain.pddl,files/line-exchange/instances/5_10_25_10.pddl
PATTY-BV,line-exchange,files/line-exchange/domain.pddl,files/line-exchange/instances/5_10_25_100.pddl
PATTY-BV,line-exchange,files/line-exchange/domain.pddl,files/line-exchange/instances/5_10_25_50.pddl
PATTY-BV,line-exchange,files/line-exchange/domain.pddl,files/line-exchange/instances/5_10_50_10.pddl
PATTY-BV,line-exchange,files/line-exchange/domain.pddl,files/line-exchange/instances/5_10_50_100.pddl
PATTY-BV,line-exchange,files/line-exchange/domain.pddl,files/line-exchange/instances/5_10_50_50.pddl
PATTY-BV,line-exchange,files/line-exchange/domain.pddl,files/line-exchange/instances/5_10_90_10.pddl
PATTY-BV,line-exchange,files/line-exchange/domain.pddl,files/line-exchange/instances/5_10_90_100.pddl
PATTY-BV,line-exchange,files/line-exchange/domain.pddl,files/line-exchange/instances/5_10_90_50.pddl
PATTY-BV,line-exchange,files/line-exchange/domain.pddl,files/line-exchange/instances/5_15_25_10.pddl
PATTY-BV,line-exchange,files/line-exchange/domain.pddl,files/line-exchange/instances/5_15_25_100.pddl
PATTY-BV,line-exchange,files/line-exchange/domain.pddl,files/line-exchange/instances/5_15_25_50.pddl
PATTY-BV,line-exchange,files/line-exchange/domain.pddl,files/line-exchange/instances/5_15_50_10.pddl
PATTY-BV,line-exchange,files/line-exchange/domain.pddl,files/line-exchange/instances/5_15_50_100.pddl
PATTY-BV,line-exchange,files/line-exchange/domain.pddl,files/line-exchange/instances/5_15_50_50.pddl
PATTY-BV,line-exchange,files/line-exchange/domain.pddl,files/line-exchange/instances/5_15_90_10.pddl
PATTY-BV,line-exchange,files/line-exchange/domain.pddl,files/line-exchange/instances/5_15_90_100.pddl
PATTY-BV,line-exchange,files/line-exchange/domain.pddl,files/line-exchange/instances/5_15_90_50.pddl
PATTY-BV,line-exchange,files/line-exchange/domain.pddl,files/line-exchange/instances/5_5_25_10.pddl
PATTY-BV,line-exchange,files/line-exchange/domain.pddl,files/line-exchange/instances/5_5_25_100.pddl
PATTY-BV,line-exchange,files/line-exchange/domain.pddl,files/line-exchange/instances/5_5_25_50.pddl
PATTY-BV,line-exchange,files/line-exchange/domain.pddl,files/line-exchange/instances/5_5_50_10.pddl
PATTY-BV,line-exchange,files/line-exchange/domain.pddl,files/line-exchange/instances/5_5_50_100.pddl
PATTY-BV,line-exchange,files/line-exchange/domain.pddl,files/line-exchange/instances/5_5_50_50.pddl
PATTY-BV,line-exchange,files/line-exchange/domain.pddl,files/line-exchange/instances/5_5_90_10.pddl
PATTY-BV,line-exchange,files/line-exchange/domain.pddl,files/line-exchange/instances/5_5_90_100.pddl
PATTY-BV,line-exchange,files/line-exchange/domain.pddl,files/line-exchange/instances/5_5_90_50.pddl
PATTY-BV,line-exchange-quantity,files/line-exchange-quantity/domain.pddl,files/line-exchange-quantity/instances/1.pddl
PATTY-BV,line-exchange-quantity,files/line-exchange-quantity/domain.pddl,files/line-exchange-quantity/instances/10.pddl
PATTY-BV,line-exchange-quantity,files/line-exchange-quantity/domain.pddl,files/line-exchange-quantity/instances/11.pddl
PATTY-BV,line-exchange-quantity,files/line-exchange-quantity/domain.pddl,files/line-exchange-quantity/instances/12.pddl
PATTY-BV,line-exchange-quantity,files/line-exchange-quantity/domain.pddl,files/line-exchange-quantity/instances/13.pddl
PATTY-BV,line-exchange-quantity,files/line-exchange-quantity/domain.pddl,files/line-exchange-quantity/instances/14.pddl
PATTY-BV,line-exchange-quantity,files/line-exchange-quantity/domain.pddl,files/line-exchange-quantity/instances/15.pddl
PATTY-BV,line-exchange-quantity,files/line-exchange-quantity/domain.pddl,files/line-exchange-quantity/instances/16.pddl
PATTY-BV,line-exchange-quantity,files/line-exchange-quantity/domain.pddl,files/line-exchange-quantity/instances/17.pddl
PATTY-BV,line-exchange-quantity,files/line-exchange-quantity/domain.pddl,files/line-exchange-quantity/instances/18.pddl
PATTY-BV,line-exchange-quantity,files/line-exchange-quantity/domain.pddl,files/line-exchange-quantity/instances/19.pddl
PATTY-BV,line-exchange-quantity,files/line-exchange-quantity/domain.pddl,files/line-exchange-quantity/instances/2.pddl
PATTY-BV,line-exchange-quantity,files/line-exchange-quantity/domain.pddl,files/line-exchange-quantity/instances/20.pddl
PATTY-BV,line-exchange-quantity,files/line-exchange-quantity/domain.pddl,files/line-exchange-quantity/instances/21.pddl
PATTY-BV,line-exchange-quantity,files/line-exchange-quantity/domain.pddl,files/line-exchange-quantity/instances/22.pddl
PATTY-BV,line-exchange-quantity,files/line-exchange-quantity/domain.pddl,files/line-exchange-quantity/instances/23.pddl
PATTY-BV,line-exchange-quantity,files/line-exchange-quantity/domain.pddl,files/line-exchange-quantity/instances/24.pddl
PATTY-BV,line-exchange-quantity,files/line-exchange-quantity/domain.pddl,files/line-exchange-quantity/instances/25.pddl
PATTY-BV,line-exchange-quantity,files/line-exchange-quantity/domain.pddl,files/line-exchange-quantity/instances/26.pddl
PATTY-BV,line-exchange-quantity,files/line-exchange-quantity/domain.pddl,files/line-exchange-quantity/instances/27.pddl
PATTY-BV,line-exchange-quantity,files/line-exchange-quantity/domain.pddl,files/line-exchange-quantity/instances/28.pddl
PATTY-BV,line-exchange-quantity,files/line-exchange-quantity/domain.pddl,files/line-exchange-quantity/instances/29.pddl
PATTY-BV,line-exchange-quantity,files/line-exchange-quantity/domain.pddl,files/line-exchange-quantity/instances/3.pddl
PATTY-BV,line-exchange-quantity,files/line-exchange-quantity/domain.pddl,files/line-exchange-quantity/instances/30.pddl
PATTY-BV,line-exchange-quantity,files/line-exchange-quantity/domain.pddl,files/line-exchange-quantity/instances/31.pddl
PATTY-BV,line-exchange-quantity,files/line-exchange-quantity/domain.pddl,files/line-exchange-quantity/instances/32.pddl
PATTY-BV,line-exchange-quantity,files/line-exchange-quantity/domain.pddl,files/line-exchange-quantity/instances/33.pddl
PATTY-BV,line-exchange-quantity,files/line-exchange-quantity/domain.pddl,files/line-exchange-quantity/instances/34.pddl
PATTY-BV,line-exchange-quantity,files/line-exchange-quantity/domain.pddl,files/line-exchange-quantity/instances/35.pddl
PATTY-BV,line-exchange-quantity,files/line-exchange-quantity/domain.pddl,files/line-exchange-quantity/instances/36.pddl
PATTY-BV,line-exchange-quantity,files/line-exchange-quantity/domain.pddl,files/line-exchange-quantity/instances/37.pddl
PATTY-BV,line-exchange-quantity,files/line-exchange-quantity/domain.pddl,files/line-exchange-quantity/instances/38.pddl
PATTY-BV,line-exchange-quantity,files/line-exchange-quantity/domain.pddl,files/line-exchange-quantity/instances/39.pddl
PATTY-BV,line-exchange-quantity,files/line-exchange-quantity/domain.pddl,files/line-exchange-quantity/instances/4.pddl
PATTY-BV,line-exchange-quantity,files/line-exchange-quantity/domain.pddl,files/line-exchange-quantity/instances/40.pddl
PATTY-BV,line-exchange-quantity,files/line-exchange-quantity/domain.pddl,files/line-exchange-quantity/instances/5.pddl
PATTY-BV,line-exchange-quantity,files/line-exchange-quantity/domain.pddl,files/line-exchange-quantity/instances/6.pddl
PATTY-BV,line-exchange-quantity,files/line-exchange-quantity/domain.pddl,files/line-exchange-quantity/instances/7.pddl
PATTY-BV,line-exchange-quantity,files/line-exchange-quantity/domain.pddl,files/line-exchange-quantity/instances/8.pddl
PATTY-BV,line-exchange-quantity,files/line-exchange-quantity/domain.pddl,files/line-exchange-quantity/instances/9.pddl
