PATTY,ipc2026-dataset-main/2048,files/ipc2026-dataset-main/2048/domain.pddl,files/ipc2026-dataset-main/2048/instances/pfile10.pddl
PATTY-BV,ipc2026-dataset-main/2048,files/ipc2026-dataset-main/2048/domain.pddl,files/ipc2026-dataset-main/2048/instances/pfile10.pddl
PATTY,ipc2026-dataset-main/2048,files/ipc2026-dataset-main/2048/domain.pddl,files/ipc2026-dataset-main/2048/instances/pfile11.pddl
PATTY-BV,ipc2026-dataset-main/2048,files/ipc2026-dataset-main/2048/domain.pddl,files/ipc2026-dataset-main/2048/instances/pfile11.pddl
PATTY,ipc2026-dataset-main/2048,files/ipc2026-dataset-main/2048/domain.pddl,files/ipc2026-dataset-main/2048/instances/pfile12.pddl
PATTY-BV,ipc2026-dataset-main/2048,files/ipc2026-dataset-main/2048/domain.pddl,files/ipc2026-dataset-main/2048/instances/pfile12.pddl
PATTY,ipc2026-dataset-main/2048,files/ipc2026-dataset-main/2048/domain.pddl,files/ipc2026-dataset-main/2048/instances/pfile13.pddl
PATTY-BV,ipc2026-dataset-main/2048,files/ipc2026-dataset-main/2048/domain.pddl,files/ipc2026-dataset-main/2048/instances/pfile13.pddl
PATTY,ipc2026-dataset-main/2048,files/ipc2026-dataset-main/2048/domain.pddl,files/ipc2026-dataset-main/2048/instances/pfile14.pddl
PATTY-BV,ipc2026-dataset-main/2048,files/ipc2026-dataset-main/2048/domain.pddl,files/ipc2026-dataset-main/2048/instances/pfile14.pddl
PATTY,ipc2026-dataset-main/2048,files/ipc2026-dataset-main/2048/domain.pddl,files/ipc2026-dataset-main/2048/instances/pfile15.pddl
PATTY-BV,ipc2026-dataset-main/2048,files/ipc2026-dataset-main/2048/domain.pddl,files/ipc2026-dataset-main/2048/instances/pfile15.pddl
PATTY,ipc2026-dataset-main/2048,files/ipc2026-dataset-main/2048/domain.pddl,files/ipc2026-dataset-main/2048/instances/pfile16.pddl
PATTY-BV,ipc2026-dataset-main/2048,files/ipc2026-dataset-main/2048/domain.pddl,files/ipc2026-dataset-main/2048/instances/pfile16.pddl
PATTY,ipc2026-dataset-main/2048,files/ipc2026-dataset-main/2048/domain.pddl,files/ipc2026-dataset-main/2048/instances/pfile17.pddl
PATTY-BV,ipc2026-dataset-main/2048,files/ipc2026-dataset-main/2048/domain.pddl,files/ipc2026-dataset-main/2048/instances/pfile17.pddl
PATTY,ipc2026-dataset-main/2048,files/ipc2026-dataset-main/2048/domain.pddl,files/ipc2026-dataset-main/2048/instances/pfile18.pddl
PATTY-BV,ipc2026-dataset-main/2048,files/ipc2026-dataset-main/2048/domain.pddl,files/ipc2026-dataset-main/2048/instances/pfile18.pddl
PATTY,ipc2026-dataset-main/2048,files/ipc2026-dataset-main/2048/domain.pddl,files/ipc2026-dataset-main/2048/instances/pfile19.pddl
PATTY-BV,ipc2026-dataset-main/2048,files/ipc2026-dataset-main/2048/domain.pddl,files/ipc2026-dataset-main/2048/instances/pfile19.pddl
PATTY,ipc2026-dataset-main/2048,files/ipc2026-dataset-main/2048/domain.pddl,files/ipc2026-dataset-main/2048/instances/pfile20.pddl
PATTY-BV,ipc2026-dataset-main/2048,files/ipc2026-dataset-main/2048/domain.pddl,files/ipc2026-dataset-main/2048/instances/pfile20.pddl
PATTY,ipc2026-dataset-main/2048,files/ipc2026-dataset-main/2048/domain.pddl,files/ipc2026-dataset-main/2048/instances/pfile21.pddl
PATTY-BV,ipc2026-dataset-main/2048,files/ipc2026-dataset-main/2048/domain.pddl,files/ipc2026-dataset-main/2048/instances/pfile21.pddl
PATTY,ipc2026-dataset-main/2048,files/ipc2026-dataset-main/2048/domain.pddl,files/ipc2026-dataset-main/2048/instances/pfile22.pddl
PATTY-BV,ipc2026-dataset-main/2048,files/ipc2026-dataset-main/2048/domain.pddl,files/ipc2026-dataset-main/2048/instances/pfile22.pddl
PATTY,ipc2026-dataset-main/2048,files/ipc2026-dataset-main/2048/domain.pddl,files/ipc2026-dataset-main/2048/instances/pfile23.pddl
PATTY-BV,ipc2026-dataset-main/2048,files/ipc2026-dataset-main/2048/domain.pddl,files/ipc2026-dataset-main/2048/instances/pfile23.pddl
PATTY,ipc2026-dataset-main/2048,files/ipc2026-dataset-main/2048/domain.pddl,files/ipc2026-dataset-main/2048/instances/pfile24.pddl
PATTY-BV,ipc2026-dataset-main/2048,files/ipc2026-dataset-main/2048/domain.pddl,files/ipc2026-dataset-main/2048/instances/pfile24.pddl
PATTY,ipc2026-dataset-main/2048,files/ipc2026-dataset-main/2048/domain.pddl,files/ipc2026-dataset-main/2048/instances/pfile25.pddl
PATTY-BV,ipc2026-dataset-main/2048,files/ipc2026-dataset-main/2048/domain.pddl,files/ipc2026-dataset-main/2048/instances/pfile25.pddl
PATTY,ipc2026-dataset-main/2048,files/ipc2026-dataset-main/2048/domain.pddl,files/ipc2026-dataset-main/2048/instances/pfile26.pddl
PATTY-BV,ipc2026-dataset-main/2048,files/ipc2026-dataset-main/2048/domain.pddl,files/ipc2026-dataset-main/2048/instances/pfile26.pddl
PATTY,ipc2026-dataset-main/2048,files/ipc2026-dataset-main/2048/domain.pddl,files/ipc2026-dataset-main/2048/instances/pfile29.pddl
PATTY-BV,ipc2026-dataset-main/2048,files/ipc2026-dataset-main/2048/domain.pddl,files/ipc2026-dataset-main/2048/instances/pfile29.pddl
PATTY,ipc2026-dataset-main/2048,files/ipc2026-dataset-main/2048/domain.pddl,files/ipc2026-dataset-main/2048/instances/pfile8.pddl
PATTY-BV,ipc2026-dataset-main/2048,files/ipc2026-dataset-main/2048/domain.pddl,files/ipc2026-dataset-main/2048/instances/pfile8.pddl
PATTY,ipc2026-dataset-main/2048,files/ipc2026-dataset-main/2048/domain.pddl,files/ipc2026-dataset-main/2048/instances/pfile9.pddl
PATTY-BV,ipc2026-dataset-main/2048,files/ipc2026-dataset-main/2048/domain.pddl,files/ipc2026-dataset-main/2048/instances/pfile9.pddl
PATTY,ipc2026-dataset-main/coins,files/ipc2026-dataset-main/coins/domain.pddl,files/ipc2026-dataset-main/coins/instances/pfile01.pddl
PATTY-BV,ipc2026-dataset-main/coins,files/ipc2026-dataset-main/coins/domain.pddl,files/ipc2026-dataset-main/coins/instances/pfile01.pddl
PATTY,ipc2026-dataset-main/coins,files/ipc2026-dataset-main/coins/domain.pddl,files/ipc2026-dataset-main/coins/instances/pfile02.pddl
PATTY-BV,ipc2026-dataset-main/coins,files/ipc2026-dataset-main/coins/domain.pddl,files/ipc2026-dataset-main/coins/instances/pfile02.pddl
PATTY,ipc2026-dataset-main/coins,files/ipc2026-dataset-main/coins/domain.pddl,files/ipc2026-dataset-main/coins/instances/pfile03.pddl
PATTY-BV,ipc2026-dataset-main/coins,files/ipc2026-dataset-main/coins/domain.pddl,files/ipc2026-dataset-main/coins/instances/pfile03.pddl
PATTY,ipc2026-dataset-main/coins,files/ipc2026-dataset-main/coins/domain.pddl,files/ipc2026-dataset-main/coins/instances/pfile04.pddl
PATTY-BV,ipc2026-dataset-main/coins,files/ipc2026-dataset-main/coins/domain.pddl,files/ipc2026-dataset-main/coins/instances/pfile04.pddl
PATTY,ipc2026-dataset-main/coins,files/ipc2026-dataset-main/coins/domain.pddl,files/ipc2026-dataset-main/coins/instances/pfile05.pddl
PATTY-BV,ipc2026-dataset-main/coins,files/ipc2026-dataset-main/coins/domain.pddl,files/ipc2026-dataset-main/coins/instances/pfile05.pddl
PATTY,ipc2026-dataset-main/coins,files/ipc2026-dataset-main/coins/domain.pddl,files/ipc2026-dataset-main/coins/instances/pfile06.pddl
PATTY-BV,ipc2026-dataset-main/coins,files/ipc2026-dataset-main/coins/domain.pddl,files/ipc2026-dataset-main/coins/instances/pfile06.pddl
PATTY,ipc2026-dataset-main/coins,files/ipc2026-dataset-main/coins/domain.pddl,files/ipc2026-dataset-main/coins/instances/pfile07.pddl
PATTY-BV,ipc2026-dataset-main/coins,files/ipc2026-dataset-main/coins/domain.pddl,files/ipc2026-dataset-main/coins/instances/pfile07.pddl
PATTY,ipc2026-dataset-main/coins,files/ipc2026-dataset-main/coins/domain.pddl,files/ipc2026-dataset-main/coins/instances/pfile08.pddl
PATTY-BV,ipc2026-dataset-main/coins,files/ipc2026-dataset-main/coins/domain.pddl,files/ipc2026-dataset-main/coins/instances/pfile08.pddl
PATTY,ipc2026-dataset-main/coins,files/ipc2026-dataset-main/coins/domain.pddl,files/ipc2026-dataset-main/coins/instances/pfile09.pddl
PATTY-BV,ipc2026-dataset-main/coins,files/ipc2026-dataset-main/coins/domain.pddl,files/ipc2026-dataset-main/coins/instances/pfile09.pddl
PATTY,ipc2026-dataset-main/coins,files/ipc2026-dataset-main/coins/domain.pddl,files/ipc2026-dataset-main/coins/instances/pfile10.pddl
PATTY-BV,ipc2026-dataset-main/coins,files/ipc2026-dataset-main/coins/domain.pddl,files/ipc2026-dataset-main/coins/instances/pfile10.pddl
PATTY,ipc2026-dataset-main/coins,files/ipc2026-dataset-main/coins/domain.pddl,files/ipc2026-dataset-main/coins/instances/pfile11.pddl
PATTY-BV,ipc2026-dataset-main/coins,files/ipc2026-dataset-main/coins/domain.pddl,files/ipc2026-dataset-main/coins/instances/pfile11.pddl
PATTY,ipc2026-dataset-main/coins,files/ipc2026-dataset-main/coins/domain.pddl,files/ipc2026-dataset-main/coins/instances/pfile12.pddl
PATTY-BV,ipc2026-dataset-main/coins,files/ipc2026-dataset-main/coins/domain.pddl,files/ipc2026-dataset-main/coins/instances/pfile12.pddl
PATTY,ipc2026-dataset-main/coins,files/ipc2026-dataset-main/coins/domain.pddl,files/ipc2026-dataset-main/coins/instances/pfile13.pddl
PATTY-BV,ipc2026-dataset-main/coins,files/ipc2026-dataset-main/coins/domain.pddl,files/ipc2026-dataset-main/coins/instances/pfile13.pddl
PATTY,ipc2026-dataset-main/coins,files/ipc2026-dataset-main/coins/domain.pddl,files/ipc2026-dataset-main/coins/instances/pfile14.pddl
PATTY-BV,ipc2026-dataset-main/coins,files/ipc2026-dataset-main/coins/domain.pddl,files/ipc2026-dataset-main/coins/instances/pfile14.pddl
PATTY,ipc2026-dataset-main/coins,files/ipc2026-dataset-main/coins/domain.pddl,files/ipc2026-dataset-main/coins/instances/pfile15.pddl
PATTY-BV,ipc2026-dataset-main/coins,files/ipc2026-dataset-main/coins/domain.pddl,files/ipc2026-dataset-main/coins/instances/pfile15.pddl
PATTY,ipc2026-dataset-main/coins,files/ipc2026-dataset-main/coins/domain.pddl,files/ipc2026-dataset-main/coins/instances/pfile16.pddl
PATTY-BV,ipc2026-dataset-main/coins,files/ipc2026-dataset-main/coins/domain.pddl,files/ipc2026-dataset-main/coins/instances/pfile16.pddl
PATTY,ipc2026-dataset-main/coins,files/ipc2026-dataset-main/coins/domain.pddl,files/ipc2026-dataset-main/coins/instances/pfile17.pddl
PATTY-BV,ipc2026-dataset-main/coins,files/ipc2026-dataset-main/coins/domain.pddl,files/ipc2026-dataset-main/coins/instances/pfile17.pddl
PATTY,ipc2026-dataset-main/coins,files/ipc2026-dataset-main/coins/domain.pddl,files/ipc2026-dataset-main/coins/instances/pfile18.pddl
PATTY-BV,ipc2026-dataset-main/coins,files/ipc2026-dataset-main/coins/domain.pddl,files/ipc2026-dataset-main/coins/instances/pfile18.pddl
PATTY,ipc2026-dataset-main/coins,files/ipc2026-dataset-main/coins/domain.pddl,files/ipc2026-dataset-main/coins/instances/pfile19.pddl
PATTY-BV,ipc2026-dataset-main/coins,files/ipc2026-dataset-main/coins/domain.pddl,files/ipc2026-dataset-main/coins/instances/pfile19.pddl
PATTY,ipc2026-dataset-main/coins,files/ipc2026-dataset-main/coins/domain.pddl,files/ipc2026-dataset-main/coins/instances/pfile20.pddl
PATTY-BV,ipc2026-dataset-main/coins,files/ipc2026-dataset-main/coins/domain.pddl,files/ipc2026-dataset-main/coins/instances/pfile20.pddl
PATTY,ipc2026-dataset-main/expedition,files/ipc2026-dataset-main/expedition/domain.pddl,files/ipc2026-dataset-main/expedition/instances/pfile1.pddl
PATTY-BV,ipc2026-dataset-main/expedition,files/ipc2026-dataset-main/expedition/domain.pddl,files/ipc2026-dataset-main/expedition/instances/pfile1.pddl
PATTY,ipc2026-dataset-main/expedition,files/ipc2026-dataset-main/expedition/domain.pddl,files/ipc2026-dataset-main/expedition/instances/pfile10.pddl
PATTY-BV,ipc2026-dataset-main/expedition,files/ipc2026-dataset-main/expedition/domain.pddl,files/ipc2026-dataset-main/expedition/instances/pfile10.pddl
PATTY,ipc2026-dataset-main/expedition,files/ipc2026-dataset-main/expedition/domain.pddl,files/ipc2026-dataset-main/expedition/instances/pfile11.pddl
PATTY-BV,ipc2026-dataset-main/expedition,files/ipc2026-dataset-main/expedition/domain.pddl,files/ipc2026-dataset-main/expedition/instances/pfile11.pddl
PATTY,ipc2026-dataset-main/expedition,files/ipc2026-dataset-main/expedition/domain.pddl,files/ipc2026-dataset-main/expedition/instances/pfile12.pddl
PATTY-BV,ipc2026-dataset-main/expedition,files/ipc2026-dataset-main/expedition/domain.pddl,files/ipc2026-dataset-main/expedition/instances/pfile12.pddl
PATTY,ipc2026-dataset-main/expedition,files/ipc2026-dataset-main/expedition/domain.pddl,files/ipc2026-dataset-main/expedition/instances/pfile13.pddl
PATTY-BV,ipc2026-dataset-main/expedition,files/ipc2026-dataset-main/expedition/domain.pddl,files/ipc2026-dataset-main/expedition/instances/pfile13.pddl
PATTY,ipc2026-dataset-main/expedition,files/ipc2026-dataset-main/expedition/domain.pddl,files/ipc2026-dataset-main/expedition/instances/pfile14.pddl
PATTY-BV,ipc2026-dataset-main/expedition,files/ipc2026-dataset-main/expedition/domain.pddl,files/ipc2026-dataset-main/expedition/instances/pfile14.pddl
PATTY,ipc2026-dataset-main/expedition,files/ipc2026-dataset-main/expedition/domain.pddl,files/ipc2026-dataset-main/expedition/instances/pfile15.pddl
PATTY-BV,ipc2026-dataset-main/expedition,files/ipc2026-dataset-main/expedition/domain.pddl,files/ipc2026-dataset-main/expedition/instances/pfile15.pddl
PATTY,ipc2026-dataset-main/expedition,files/ipc2026-dataset-main/expedition/domain.pddl,files/ipc2026-dataset-main/expedition/instances/pfile16.pddl
PATTY-BV,ipc2026-dataset-main/expedition,files/ipc2026-dataset-main/expedition/domain.pddl,files/ipc2026-dataset-main/expedition/instances/pfile16.pddl
PATTY,ipc2026-dataset-main/expedition,files/ipc2026-dataset-main/expedition/domain.pddl,files/ipc2026-dataset-main/expedition/instances/pfile17.pddl
PATTY-BV,ipc2026-dataset-main/expedition,files/ipc2026-dataset-main/expedition/domain.pddl,files/ipc2026-dataset-main/expedition/instances/pfile17.pddl
PATTY,ipc2026-dataset-main/expedition,files/ipc2026-dataset-main/expedition/domain.pddl,files/ipc2026-dataset-main/expedition/instances/pfile18.pddl
PATTY-BV,ipc2026-dataset-main/expedition,files/ipc2026-dataset-main/expedition/domain.pddl,files/ipc2026-dataset-main/expedition/instances/pfile18.pddl
PATTY,ipc2026-dataset-main/expedition,files/ipc2026-dataset-main/expedition/domain.pddl,files/ipc2026-dataset-main/expedition/instances/pfile19.pddl
PATTY-BV,ipc2026-dataset-main/expedition,files/ipc2026-dataset-main/expedition/domain.pddl,files/ipc2026-dataset-main/expedition/instances/pfile19.pddl
PATTY,ipc2026-dataset-main/expedition,files/ipc2026-dataset-main/expedition/domain.pddl,files/ipc2026-dataset-main/expedition/instances/pfile2.pddl
PATTY-BV,ipc2026-dataset-main/expedition,files/ipc2026-dataset-main/expedition/domain.pddl,files/ipc2026-dataset-main/expedition/instances/pfile2.pddl
PATTY,ipc2026-dataset-main/expedition,files/ipc2026-dataset-main/expedition/domain.pddl,files/ipc2026-dataset-main/expedition/instances/pfile20.pddl
PATTY-BV,ipc2026-dataset-main/expedition,files/ipc2026-dataset-main/expedition/domain.pddl,files/ipc2026-dataset-main/expedition/instances/pfile20.pddl
PATTY,ipc2026-dataset-main/expedition,files/ipc2026-dataset-main/expedition/domain.pddl,files/ipc2026-dataset-main/expedition/instances/pfile3.pddl
PATTY-BV,ipc2026-dataset-main/expedition,files/ipc2026-dataset-main/expedition/domain.pddl,files/ipc2026-dataset-main/expedition/instances/pfile3.pddl
PATTY,ipc2026-dataset-main/expedition,files/ipc2026-dataset-main/expedition/domain.pddl,files/ipc2026-dataset-main/expedition/instances/pfile4.pddl
PATTY-BV,ipc2026-dataset-main/expedition,files/ipc2026-dataset-main/expedition/domain.pddl,files/ipc2026-dataset-main/expedition/instances/pfile4.pddl
PATTY,ipc2026-dataset-main/expedition,files/ipc2026-dataset-main/expedition/domain.pddl,files/ipc2026-dataset-main/expedition/instances/pfile5.pddl
PATTY-BV,ipc2026-dataset-main/expedition,files/ipc2026-dataset-main/expedition/domain.pddl,files/ipc2026-dataset-main/expedition/instances/pfile5.pddl
PATTY,ipc2026-dataset-main/expedition,files/ipc2026-dataset-main/expedition/domain.pddl,files/ipc2026-dataset-main/expedition/instances/pfile6.pddl
PATTY-BV,ipc2026-dataset-main/expedition,files/ipc2026-dataset-main/expedition/domain.pddl,files/ipc2026-dataset-main/expedition/instances/pfile6.pddl
PATTY,ipc2026-dataset-main/expedition,files/ipc2026-dataset-main/expedition/domain.pddl,files/ipc2026-dataset-main/expedition/instances/pfile7.pddl
PATTY-BV,ipc2026-dataset-main/expedition,files/ipc2026-dataset-main/expedition/domain.pddl,files/ipc2026-dataset-main/expedition/instances/pfile7.pddl
PATTY,ipc2026-dataset-main/expedition,files/ipc2026-dataset-main/expedition/domain.pddl,files/ipc2026-dataset-main/expedition/instances/pfile8.pddl
PATTY-BV,ipc2026-dataset-main/expedition,files/ipc2026-dataset-main/expedition/domain.pddl,files/ipc2026-dataset-main/expedition/instances/pfile8.pddl
PATTY,ipc2026-dataset-main/expedition,files/ipc2026-dataset-main/expedition/domain.pddl,files/ipc2026-dataset-main/expedition/instances/pfile9.pddl
PATTY-BV,ipc2026-dataset-main/expedition,files/ipc2026-dataset-main/expedition/domain.pddl,files/ipc2026-dataset-main/expedition/instances/pfile9.pddl
PATTY,ipc2026-dataset-main/factory-robot,files/ipc2026-dataset-main/factory-robot/domain.pddl,files/ipc2026-dataset-main/factory-robot/instances/pfile1.pddl
PATTY-BV,ipc2026-dataset-main/factory-robot,files/ipc2026-dataset-main/factory-robot/domain.pddl,files/ipc2026-dataset-main/factory-robot/instances/pfile1.pddl
PATTY,ipc2026-dataset-main/factory-robot,files/ipc2026-dataset-main/factory-robot/domain.pddl,files/ipc2026-dataset-main/factory-robot/instances/pfile10.pddl
PATTY-BV,ipc2026-dataset-main/factory-robot,files/ipc2026-dataset-main/factory-robot/domain.pddl,files/ipc2026-dataset-main/factory-robot/instances/pfile10.pddl
PATTY,ipc2026-dataset-main/factory-robot,files/ipc2026-dataset-main/factory-robot/domain.pddl,files/ipc2026-dataset-main/factory-robot/instances/pfile11.pddl
PATTY-BV,ipc2026-dataset-main/factory-robot,files/ipc2026-dataset-main/factory-robot/domain.pddl,files/ipc2026-dataset-main/factory-robot/instances/pfile11.pddl
PATTY,ipc2026-dataset-main/factory-robot,files/ipc2026-dataset-main/factory-robot/domain.pddl,files/ipc2026-dataset-main/factory-robot/instances/pfile12.pddl
PATTY-BV,ipc2026-dataset-main/factory-robot,files/ipc2026-dataset-main/factory-robot/domain.pddl,files/ipc2026-dataset-main/factory-robot/instances/pfile12.pddl
PATTY,ipc2026-dataset-main/factory-robot,files/ipc2026-dataset-main/factory-robot/domain.pddl,files/ipc2026-dataset-main/factory-robot/instances/pfile13.pddl
PATTY-BV,ipc2026-dataset-main/factory-robot,files/ipc2026-dataset-main/factory-robot/domain.pddl,files/ipc2026-dataset-main/factory-robot/instances/pfile13.pddl
PATTY,ipc2026-dataset-main/factory-robot,files/ipc2026-dataset-main/factory-robot/domain.pddl,files/ipc2026-dataset-main/factory-robot/instances/pfile14.pddl
PATTY-BV,ipc2026-dataset-main/factory-robot,files/ipc2026-dataset-main/factory-robot/domain.pddl,files/ipc2026-dataset-main/factory-robot/instances/pfile14.pddl
PATTY,ipc2026-dataset-main/factory-robot,files/ipc2026-dataset-main/factory-robot/domain.pddl,files/ipc2026-dataset-main/factory-robot/instances/pfile15.pddl
PATTY-BV,ipc2026-dataset-main/factory-robot,files/ipc2026-dataset-main/factory-robot/domain.pddl,files/ipc2026-dataset-main/factory-robot/instances/pfile15.pddl
PATTY,ipc2026-dataset-main/factory-robot,files/ipc2026-dataset-main/factory-robot/domain.pddl,files/ipc2026-dataset-main/factory-robot/instances/pfile16.pddl
PATTY-BV,ipc2026-dataset-main/factory-robot,files/ipc2026-dataset-main/factory-robot/domain.pddl,files/ipc2026-dataset-main/factory-robot/instances/pfile16.pddl
PATTY,ipc2026-dataset-main/factory-robot,files/ipc2026-dataset-main/factory-robot/domain.pddl,files/ipc2026-dataset-main/factory-robot/instances/pfile17.pddl
PATTY-BV,ipc2026-dataset-main/factory-robot,files/ipc2026-dataset-main/factory-robot/domain.pddl,files/ipc2026-dataset-main/factory-robot/instances/pfile17.pddl
PATTY,ipc2026-dataset-main/factory-robot,files/ipc2026-dataset-main/factory-robot/domain.pddl,files/ipc2026-dataset-main/factory-robot/instances/pfile18.pddl
PATTY-BV,ipc2026-dataset-main/factory-robot,files/ipc2026-dataset-main/factory-robot/domain.pddl,files/ipc2026-dataset-main/factory-robot/instances/pfile18.pddl
PATTY,ipc2026-dataset-main/factory-robot,files/ipc2026-dataset-main/factory-robot/domain.pddl,files/ipc2026-dataset-main/factory-robot/instances/pfile19.pddl
PATTY-BV,ipc2026-dataset-main/factory-robot,files/ipc2026-dataset-main/factory-robot/domain.pddl,files/ipc2026-dataset-main/factory-robot/instances/pfile19.pddl
PATTY,ipc2026-dataset-main/factory-robot,files/ipc2026-dataset-main/factory-robot/domain.pddl,files/ipc2026-dataset-main/factory-robot/instances/pfile2.pddl
PATTY-BV,ipc2026-dataset-main/factory-robot,files/ipc2026-dataset-main/factory-robot/domain.pddl,files/ipc2026-dataset-main/factory-robot/instances/pfile2.pddl
PATTY,ipc2026-dataset-main/factory-robot,files/ipc2026-dataset-main/factory-robot/domain.pddl,files/ipc2026-dataset-main/factory-robot/instances/pfile20.pddl
PATTY-BV,ipc2026-dataset-main/factory-robot,files/ipc2026-dataset-main/factory-robot/domain.pddl,files/ipc2026-dataset-main/factory-robot/instances/pfile20.pddl
PATTY,ipc2026-dataset-main/factory-robot,files/ipc2026-dataset-main/factory-robot/domain.pddl,files/ipc2026-dataset-main/factory-robot/instances/pfile3.pddl
PATTY-BV,ipc2026-dataset-main/factory-robot,files/ipc2026-dataset-main/factory-robot/domain.pddl,files/ipc2026-dataset-main/factory-robot/instances/pfile3.pddl
PATTY,ipc2026-dataset-main/factory-robot,files/ipc2026-dataset-main/factory-robot/domain.pddl,files/ipc2026-dataset-main/factory-robot/instances/pfile4.pddl
PATTY-BV,ipc2026-dataset-main/factory-robot,files/ipc2026-dataset-main/factory-robot/domain.pddl,files/ipc2026-dataset-main/factory-robot/instances/pfile4.pddl
PATTY,ipc2026-dataset-main/factory-robot,files/ipc2026-dataset-main/factory-robot/domain.pddl,files/ipc2026-dataset-main/factory-robot/instances/pfile5.pddl
PATTY-BV,ipc2026-dataset-main/factory-robot,files/ipc2026-dataset-main/factory-robot/domain.pddl,files/ipc2026-dataset-main/factory-robot/instances/pfile5.pddl
PATTY,ipc2026-dataset-main/factory-robot,files/ipc2026-dataset-main/factory-robot/domain.pddl,files/ipc2026-dataset-main/factory-robot/instances/pfile6.pddl
PATTY-BV,ipc2026-dataset-main/factory-robot,files/ipc2026-dataset-main/factory-robot/domain.pddl,files/ipc2026-dataset-main/factory-robot/instances/pfile6.pddl
PATTY,ipc2026-dataset-main/factory-robot,files/ipc2026-dataset-main/factory-robot/domain.pddl,files/ipc2026-dataset-main/factory-robot/instances/pfile7.pddl
PATTY-BV,ipc2026-dataset-main/factory-robot,files/ipc2026-dataset-main/factory-robot/domain.pddl,files/ipc2026-dataset-main/factory-robot/instances/pfile7.pddl
PATTY,ipc2026-dataset-main/factory-robot,files/ipc2026-dataset-main/factory-robot/domain.pddl,files/ipc2026-dataset-main/factory-robot/instances/pfile8.pddl
PATTY-BV,ipc2026-dataset-main/factory-robot,files/ipc2026-dataset-main/factory-robot/domain.pddl,files/ipc2026-dataset-main/factory-robot/instances/pfile8.pddl
PATTY,ipc2026-dataset-main/factory-robot,files/ipc2026-dataset-main/factory-robot/domain.pddl,files/ipc2026-dataset-main/factory-robot/instances/pfile9.pddl
PATTY-BV,ipc2026-dataset-main/factory-robot,files/ipc2026-dataset-main/factory-robot/domain.pddl,files/ipc2026-dataset-main/factory-robot/instances/pfile9.pddl
PATTY,ipc2026-dataset-main/forestfire,files/ipc2026-dataset-main/forestfire/domain.pddl,files/ipc2026-dataset-main/forestfire/instances/prob01.pddl
PATTY-BV,ipc2026-dataset-main/forestfire,files/ipc2026-dataset-main/forestfire/domain.pddl,files/ipc2026-dataset-main/forestfire/instances/prob01.pddl
PATTY,ipc2026-dataset-main/forestfire,files/ipc2026-dataset-main/forestfire/domain.pddl,files/ipc2026-dataset-main/forestfire/instances/prob02.pddl
PATTY-BV,ipc2026-dataset-main/forestfire,files/ipc2026-dataset-main/forestfire/domain.pddl,files/ipc2026-dataset-main/forestfire/instances/prob02.pddl
PATTY,ipc2026-dataset-main/forestfire,files/ipc2026-dataset-main/forestfire/domain.pddl,files/ipc2026-dataset-main/forestfire/instances/prob03.pddl
PATTY-BV,ipc2026-dataset-main/forestfire,files/ipc2026-dataset-main/forestfire/domain.pddl,files/ipc2026-dataset-main/forestfire/instances/prob03.pddl
PATTY,ipc2026-dataset-main/forestfire,files/ipc2026-dataset-main/forestfire/domain.pddl,files/ipc2026-dataset-main/forestfire/instances/prob04.pddl
PATTY-BV,ipc2026-dataset-main/forestfire,files/ipc2026-dataset-main/forestfire/domain.pddl,files/ipc2026-dataset-main/forestfire/instances/prob04.pddl
PATTY,ipc2026-dataset-main/forestfire,files/ipc2026-dataset-main/forestfire/domain.pddl,files/ipc2026-dataset-main/forestfire/instances/prob05.pddl
PATTY-BV,ipc2026-dataset-main/forestfire,files/ipc2026-dataset-main/forestfire/domain.pddl,files/ipc2026-dataset-main/forestfire/instances/prob05.pddl
PATTY,ipc2026-dataset-main/forestfire,files/ipc2026-dataset-main/forestfire/domain.pddl,files/ipc2026-dataset-main/forestfire/instances/prob06.pddl
PATTY-BV,ipc2026-dataset-main/forestfire,files/ipc2026-dataset-main/forestfire/domain.pddl,files/ipc2026-dataset-main/forestfire/instances/prob06.pddl
PATTY,ipc2026-dataset-main/forestfire,files/ipc2026-dataset-main/forestfire/domain.pddl,files/ipc2026-dataset-main/forestfire/instances/prob07.pddl
PATTY-BV,ipc2026-dataset-main/forestfire,files/ipc2026-dataset-main/forestfire/domain.pddl,files/ipc2026-dataset-main/forestfire/instances/prob07.pddl
PATTY,ipc2026-dataset-main/forestfire,files/ipc2026-dataset-main/forestfire/domain.pddl,files/ipc2026-dataset-main/forestfire/instances/prob08.pddl
PATTY-BV,ipc2026-dataset-main/forestfire,files/ipc2026-dataset-main/forestfire/domain.pddl,files/ipc2026-dataset-main/forestfire/instances/prob08.pddl
PATTY,ipc2026-dataset-main/forestfire,files/ipc2026-dataset-main/forestfire/domain.pddl,files/ipc2026-dataset-main/forestfire/instances/prob09.pddl
PATTY-BV,ipc2026-dataset-main/forestfire,files/ipc2026-dataset-main/forestfire/domain.pddl,files/ipc2026-dataset-main/forestfire/instances/prob09.pddl
PATTY,ipc2026-dataset-main/forestfire,files/ipc2026-dataset-main/forestfire/domain.pddl,files/ipc2026-dataset-main/forestfire/instances/prob10.pddl
PATTY-BV,ipc2026-dataset-main/forestfire,files/ipc2026-dataset-main/forestfire/domain.pddl,files/ipc2026-dataset-main/forestfire/instances/prob10.pddl
PATTY,ipc2026-dataset-main/forestfire,files/ipc2026-dataset-main/forestfire/domain.pddl,files/ipc2026-dataset-main/forestfire/instances/prob11.pddl
PATTY-BV,ipc2026-dataset-main/forestfire,files/ipc2026-dataset-main/forestfire/domain.pddl,files/ipc2026-dataset-main/forestfire/instances/prob11.pddl
PATTY,ipc2026-dataset-main/forestfire,files/ipc2026-dataset-main/forestfire/domain.pddl,files/ipc2026-dataset-main/forestfire/instances/prob12.pddl
PATTY-BV,ipc2026-dataset-main/forestfire,files/ipc2026-dataset-main/forestfire/domain.pddl,files/ipc2026-dataset-main/forestfire/instances/prob12.pddl
PATTY,ipc2026-dataset-main/forestfire,files/ipc2026-dataset-main/forestfire/domain.pddl,files/ipc2026-dataset-main/forestfire/instances/prob13.pddl
PATTY-BV,ipc2026-dataset-main/forestfire,files/ipc2026-dataset-main/forestfire/domain.pddl,files/ipc2026-dataset-main/forestfire/instances/prob13.pddl
PATTY,ipc2026-dataset-main/forestfire,files/ipc2026-dataset-main/forestfire/domain.pddl,files/ipc2026-dataset-main/forestfire/instances/prob14.pddl
PATTY-BV,ipc2026-dataset-main/forestfire,files/ipc2026-dataset-main/forestfire/domain.pddl,files/ipc2026-dataset-main/forestfire/instances/prob14.pddl
PATTY,ipc2026-dataset-main/forestfire,files/ipc2026-dataset-main/forestfire/domain.pddl,files/ipc2026-dataset-main/forestfire/instances/prob15.pddl
PATTY-BV,ipc2026-dataset-main/forestfire,files/ipc2026-dataset-main/forestfire/domain.pddl,files/ipc2026-dataset-main/forestfire/instances/prob15.pddl
PATTY,ipc2026-dataset-main/forestfire,files/ipc2026-dataset-main/forestfire/domain.pddl,files/ipc2026-dataset-main/forestfire/instances/prob16.pddl
PATTY-BV,ipc2026-dataset-main/forestfire,files/ipc2026-dataset-main/forestfire/domain.pddl,files/ipc2026-dataset-main/forestfire/instances/prob16.pddl
PATTY,ipc2026-dataset-main/forestfire,files/ipc2026-dataset-main/forestfire/domain.pddl,files/ipc2026-dataset-main/forestfire/instances/prob17.pddl
PATTY-BV,ipc2026-dataset-main/forestfire,files/ipc2026-dataset-main/forestfire/domain.pddl,files/ipc2026-dataset-main/forestfire/instances/prob17.pddl
PATTY,ipc2026-dataset-main/forestfire,files/ipc2026-dataset-main/forestfire/domain.pddl,files/ipc2026-dataset-main/forestfire/instances/prob18.pddl
PATTY-BV,ipc2026-dataset-main/forestfire,files/ipc2026-dataset-main/forestfire/domain.pddl,files/ipc2026-dataset-main/forestfire/instances/prob18.pddl
PATTY,ipc2026-dataset-main/forestfire,files/ipc2026-dataset-main/forestfire/domain.pddl,files/ipc2026-dataset-main/forestfire/instances/prob19.pddl
PATTY-BV,ipc2026-dataset-main/forestfire,files/ipc2026-dataset-main/forestfire/domain.pddl,files/ipc2026-dataset-main/forestfire/instances/prob19.pddl
PATTY,ipc2026-dataset-main/forestfire,files/ipc2026-dataset-main/forestfire/domain.pddl,files/ipc2026-dataset-main/forestfire/instances/prob20.pddl
PATTY-BV,ipc2026-dataset-main/forestfire,files/ipc2026-dataset-main/forestfire/domain.pddl,files/ipc2026-dataset-main/forestfire/instances/prob20.pddl
PATTY,ipc2026-dataset-main/gear-car,files/ipc2026-dataset-main/gear-car/domain.pddl,files/ipc2026-dataset-main/gear-car/instances/p000.pddl
PATTY-BV,ipc2026-dataset-main/gear-car,files/ipc2026-dataset-main/gear-car/domain.pddl,files/ipc2026-dataset-main/gear-car/instances/p000.pddl
PATTY,ipc2026-dataset-main/gear-car,files/ipc2026-dataset-main/gear-car/domain.pddl,files/ipc2026-dataset-main/gear-car/instances/p01.pddl
PATTY-BV,ipc2026-dataset-main/gear-car,files/ipc2026-dataset-main/gear-car/domain.pddl,files/ipc2026-dataset-main/gear-car/instances/p01.pddl
PATTY,ipc2026-dataset-main/gear-car,files/ipc2026-dataset-main/gear-car/domain.pddl,files/ipc2026-dataset-main/gear-car/instances/p02.pddl
PATTY-BV,ipc2026-dataset-main/gear-car,files/ipc2026-dataset-main/gear-car/domain.pddl,files/ipc2026-dataset-main/gear-car/instances/p02.pddl
PATTY,ipc2026-dataset-main/gear-car,files/ipc2026-dataset-main/gear-car/domain.pddl,files/ipc2026-dataset-main/gear-car/instances/p03.pddl
PATTY-BV,ipc2026-dataset-main/gear-car,files/ipc2026-dataset-main/gear-car/domain.pddl,files/ipc2026-dataset-main/gear-car/instances/p03.pddl
PATTY,ipc2026-dataset-main/gear-car,files/ipc2026-dataset-main/gear-car/domain.pddl,files/ipc2026-dataset-main/gear-car/instances/p04.pddl
PATTY-BV,ipc2026-dataset-main/gear-car,files/ipc2026-dataset-main/gear-car/domain.pddl,files/ipc2026-dataset-main/gear-car/instances/p04.pddl
PATTY,ipc2026-dataset-main/gear-car,files/ipc2026-dataset-main/gear-car/domain.pddl,files/ipc2026-dataset-main/gear-car/instances/p05.pddl
PATTY-BV,ipc2026-dataset-main/gear-car,files/ipc2026-dataset-main/gear-car/domain.pddl,files/ipc2026-dataset-main/gear-car/instances/p05.pddl
PATTY,ipc2026-dataset-main/gear-car,files/ipc2026-dataset-main/gear-car/domain.pddl,files/ipc2026-dataset-main/gear-car/instances/p06.pddl
PATTY-BV,ipc2026-dataset-main/gear-car,files/ipc2026-dataset-main/gear-car/domain.pddl,files/ipc2026-dataset-main/gear-car/instances/p06.pddl
PATTY,ipc2026-dataset-main/gear-car,files/ipc2026-dataset-main/gear-car/domain.pddl,files/ipc2026-dataset-main/gear-car/instances/p07.pddl
PATTY-BV,ipc2026-dataset-main/gear-car,files/ipc2026-dataset-main/gear-car/domain.pddl,files/ipc2026-dataset-main/gear-car/instances/p07.pddl
PATTY,ipc2026-dataset-main/gear-car,files/ipc2026-dataset-main/gear-car/domain.pddl,files/ipc2026-dataset-main/gear-car/instances/p08.pddl
PATTY-BV,ipc2026-dataset-main/gear-car,files/ipc2026-dataset-main/gear-car/domain.pddl,files/ipc2026-dataset-main/gear-car/instances/p08.pddl
PATTY,ipc2026-dataset-main/gear-car,files/ipc2026-dataset-main/gear-car/domain.pddl,files/ipc2026-dataset-main/gear-car/instances/p09.pddl
PATTY-BV,ipc2026-dataset-main/gear-car,files/ipc2026-dataset-main/gear-car/domain.pddl,files/ipc2026-dataset-main/gear-car/instances/p09.pddl
PATTY,ipc2026-dataset-main/gear-car,files/ipc2026-dataset-main/gear-car/domain.pddl,files/ipc2026-dataset-main/gear-car/instances/p10.pddl
PATTY-BV,ipc2026-dataset-main/gear-car,files/ipc2026-dataset-main/gear-car/domain.pddl,files/ipc2026-dataset-main/gear-car/instances/p10.pddl
PATTY,ipc2026-dataset-main/gear-car,files/ipc2026-dataset-main/gear-car/domain.pddl,files/ipc2026-dataset-main/gear-car/instances/p11.pddl
PATTY-BV,ipc2026-dataset-main/gear-car,files/ipc2026-dataset-main/gear-car/domain.pddl,files/ipc2026-dataset-main/gear-car/instances/p11.pddl
PATTY,ipc2026-dataset-main/gear-car,files/ipc2026-dataset-main/gear-car/domain.pddl,files/ipc2026-dataset-main/gear-car/instances/p12.pddl
PATTY-BV,ipc2026-dataset-main/gear-car,files/ipc2026-dataset-main/gear-car/domain.pddl,files/ipc2026-dataset-main/gear-car/instances/p12.pddl
PATTY,ipc2026-dataset-main/gear-car,files/ipc2026-dataset-main/gear-car/domain.pddl,files/ipc2026-dataset-main/gear-car/instances/p13.pddl
PATTY-BV,ipc2026-dataset-main/gear-car,files/ipc2026-dataset-main/gear-car/domain.pddl,files/ipc2026-dataset-main/gear-car/instances/p13.pddl
PATTY,ipc2026-dataset-main/gear-car,files/ipc2026-dataset-main/gear-car/domain.pddl,files/ipc2026-dataset-main/gear-car/instances/p14.pddl
PATTY-BV,ipc2026-dataset-main/gear-car,files/ipc2026-dataset-main/gear-car/domain.pddl,files/ipc2026-dataset-main/gear-car/instances/p14.pddl
PATTY,ipc2026-dataset-main/gear-car,files/ipc2026-dataset-main/gear-car/domain.pddl,files/ipc2026-dataset-main/gear-car/instances/p15.pddl
PATTY-BV,ipc2026-dataset-main/gear-car,files/ipc2026-dataset-main/gear-car/domain.pddl,files/ipc2026-dataset-main/gear-car/instances/p15.pddl
PATTY,ipc2026-dataset-main/gear-car,files/ipc2026-dataset-main/gear-car/domain.pddl,files/ipc2026-dataset-main/gear-car/instances/p16.pddl
PATTY-BV,ipc2026-dataset-main/gear-car,files/ipc2026-dataset-main/gear-car/domain.pddl,files/ipc2026-dataset-main/gear-car/instances/p16.pddl
PATTY,ipc2026-dataset-main/gear-car,files/ipc2026-dataset-main/gear-car/domain.pddl,files/ipc2026-dataset-main/gear-car/instances/p17.pddl
PATTY-BV,ipc2026-dataset-main/gear-car,files/ipc2026-dataset-main/gear-car/domain.pddl,files/ipc2026-dataset-main/gear-car/instances/p17.pddl
PATTY,ipc2026-dataset-main/gear-car,files/ipc2026-dataset-main/gear-car/domain.pddl,files/ipc2026-dataset-main/gear-car/instances/p18.pddl
PATTY-BV,ipc2026-dataset-main/gear-car,files/ipc2026-dataset-main/gear-car/domain.pddl,files/ipc2026-dataset-main/gear-car/instances/p18.pddl
PATTY,ipc2026-dataset-main/gear-car,files/ipc2026-dataset-main/gear-car/domain.pddl,files/ipc2026-dataset-main/gear-car/instances/p19.pddl
PATTY-BV,ipc2026-dataset-main/gear-car,files/ipc2026-dataset-main/gear-car/domain.pddl,files/ipc2026-dataset-main/gear-car/instances/p19.pddl
PATTY,ipc2026-dataset-main/line-exchange-snp,files/ipc2026-dataset-main/line-exchange-snp/domain_snp.pddl,files/ipc2026-dataset-main/line-exchange-snp/instances/3_10_50_10.pddl
PATTY-BV,ipc2026-dataset-main/line-exchange-snp,files/ipc2026-dataset-main/line-exchange-snp/domain_snp.pddl,files/ipc2026-dataset-main/line-exchange-snp/instances/3_10_50_10.pddl
PATTY,ipc2026-dataset-main/line-exchange-snp,files/ipc2026-dataset-main/line-exchange-snp/domain_snp.pddl,files/ipc2026-dataset-main/line-exchange-snp/instances/3_10_90_50.pddl
PATTY-BV,ipc2026-dataset-main/line-exchange-snp,files/ipc2026-dataset-main/line-exchange-snp/domain_snp.pddl,files/ipc2026-dataset-main/line-exchange-snp/instances/3_10_90_50.pddl
PATTY,ipc2026-dataset-main/line-exchange-snp,files/ipc2026-dataset-main/line-exchange-snp/domain_snp.pddl,files/ipc2026-dataset-main/line-exchange-snp/instances/3_15_25_100.pddl
PATTY-BV,ipc2026-dataset-main/line-exchange-snp,files/ipc2026-dataset-main/line-exchange-snp/domain_snp.pddl,files/ipc2026-dataset-main/line-exchange-snp/instances/3_15_25_100.pddl
PATTY,ipc2026-dataset-main/line-exchange-snp,files/ipc2026-dataset-main/line-exchange-snp/domain_snp.pddl,files/ipc2026-dataset-main/line-exchange-snp/instances/3_15_90_10.pddl
PATTY-BV,ipc2026-dataset-main/line-exchange-snp,files/ipc2026-dataset-main/line-exchange-snp/domain_snp.pddl,files/ipc2026-dataset-main/line-exchange-snp/instances/3_15_90_10.pddl
PATTY,ipc2026-dataset-main/line-exchange-snp,files/ipc2026-dataset-main/line-exchange-snp/domain_snp.pddl,files/ipc2026-dataset-main/line-exchange-snp/instances/3_5_50_50.pddl
PATTY-BV,ipc2026-dataset-main/line-exchange-snp,files/ipc2026-dataset-main/line-exchange-snp/domain_snp.pddl,files/ipc2026-dataset-main/line-exchange-snp/instances/3_5_50_50.pddl
PATTY,ipc2026-dataset-main/line-exchange-snp,files/ipc2026-dataset-main/line-exchange-snp/domain_snp.pddl,files/ipc2026-dataset-main/line-exchange-snp/instances/3_5_90_100.pddl
PATTY-BV,ipc2026-dataset-main/line-exchange-snp,files/ipc2026-dataset-main/line-exchange-snp/domain_snp.pddl,files/ipc2026-dataset-main/line-exchange-snp/instances/3_5_90_100.pddl
PATTY,ipc2026-dataset-main/line-exchange-snp,files/ipc2026-dataset-main/line-exchange-snp/domain_snp.pddl,files/ipc2026-dataset-main/line-exchange-snp/instances/4_10_25_10.pddl
PATTY-BV,ipc2026-dataset-main/line-exchange-snp,files/ipc2026-dataset-main/line-exchange-snp/domain_snp.pddl,files/ipc2026-dataset-main/line-exchange-snp/instances/4_10_25_10.pddl
PATTY,ipc2026-dataset-main/line-exchange-snp,files/ipc2026-dataset-main/line-exchange-snp/domain_snp.pddl,files/ipc2026-dataset-main/line-exchange-snp/instances/4_10_50_50.pddl
PATTY-BV,ipc2026-dataset-main/line-exchange-snp,files/ipc2026-dataset-main/line-exchange-snp/domain_snp.pddl,files/ipc2026-dataset-main/line-exchange-snp/instances/4_10_50_50.pddl
PATTY,ipc2026-dataset-main/line-exchange-snp,files/ipc2026-dataset-main/line-exchange-snp/domain_snp.pddl,files/ipc2026-dataset-main/line-exchange-snp/instances/4_10_90_100.pddl
PATTY-BV,ipc2026-dataset-main/line-exchange-snp,files/ipc2026-dataset-main/line-exchange-snp/domain_snp.pddl,files/ipc2026-dataset-main/line-exchange-snp/instances/4_10_90_100.pddl
PATTY,ipc2026-dataset-main/line-exchange-snp,files/ipc2026-dataset-main/line-exchange-snp/domain_snp.pddl,files/ipc2026-dataset-main/line-exchange-snp/instances/4_15_50_10.pddl
PATTY-BV,ipc2026-dataset-main/line-exchange-snp,files/ipc2026-dataset-main/line-exchange-snp/domain_snp.pddl,files/ipc2026-dataset-main/line-exchange-snp/instances/4_15_50_10.pddl
PATTY,ipc2026-dataset-main/line-exchange-snp,files/ipc2026-dataset-main/line-exchange-snp/domain_snp.pddl,files/ipc2026-dataset-main/line-exchange-snp/instances/4_15_90_50.pddl
PATTY-BV,ipc2026-dataset-main/line-exchange-snp,files/ipc2026-dataset-main/line-exchange-snp/domain_snp.pddl,files/ipc2026-dataset-main/line-exchange-snp/instances/4_15_90_50.pddl
PATTY,ipc2026-dataset-main/line-exchange-snp,files/ipc2026-dataset-main/line-exchange-snp/domain_snp.pddl,files/ipc2026-dataset-main/line-exchange-snp/instances/4_5_25_50.pddl
PATTY-BV,ipc2026-dataset-main/line-exchange-snp,files/ipc2026-dataset-main/line-exchange-snp/domain_snp.pddl,files/ipc2026-dataset-main/line-exchange-snp/instances/4_5_25_50.pddl
PATTY,ipc2026-dataset-main/line-exchange-snp,files/ipc2026-dataset-main/line-exchange-snp/domain_snp.pddl,files/ipc2026-dataset-main/line-exchange-snp/instances/4_5_50_100.pddl
PATTY-BV,ipc2026-dataset-main/line-exchange-snp,files/ipc2026-dataset-main/line-exchange-snp/domain_snp.pddl,files/ipc2026-dataset-main/line-exchange-snp/instances/4_5_50_100.pddl
PATTY,ipc2026-dataset-main/line-exchange-snp,files/ipc2026-dataset-main/line-exchange-snp/domain_snp.pddl,files/ipc2026-dataset-main/line-exchange-snp/instances/5_10_25_50.pddl
PATTY-BV,ipc2026-dataset-main/line-exchange-snp,files/ipc2026-dataset-main/line-exchange-snp/domain_snp.pddl,files/ipc2026-dataset-main/line-exchange-snp/instances/5_10_25_50.pddl
PATTY,ipc2026-dataset-main/line-exchange-snp,files/ipc2026-dataset-main/line-exchange-snp/domain_snp.pddl,files/ipc2026-dataset-main/line-exchange-snp/instances/5_10_50_100.pddl
PATTY-BV,ipc2026-dataset-main/line-exchange-snp,files/ipc2026-dataset-main/line-exchange-snp/domain_snp.pddl,files/ipc2026-dataset-main/line-exchange-snp/instances/5_10_50_100.pddl
PATTY,ipc2026-dataset-main/line-exchange-snp,files/ipc2026-dataset-main/line-exchange-snp/domain_snp.pddl,files/ipc2026-dataset-main/line-exchange-snp/instances/5_15_25_10.pddl
PATTY-BV,ipc2026-dataset-main/line-exchange-snp,files/ipc2026-dataset-main/line-exchange-snp/domain_snp.pddl,files/ipc2026-dataset-main/line-exchange-snp/instances/5_15_25_10.pddl
PATTY,ipc2026-dataset-main/line-exchange-snp,files/ipc2026-dataset-main/line-exchange-snp/domain_snp.pddl,files/ipc2026-dataset-main/line-exchange-snp/instances/5_15_50_50.pddl
PATTY-BV,ipc2026-dataset-main/line-exchange-snp,files/ipc2026-dataset-main/line-exchange-snp/domain_snp.pddl,files/ipc2026-dataset-main/line-exchange-snp/instances/5_15_50_50.pddl
PATTY,ipc2026-dataset-main/line-exchange-snp,files/ipc2026-dataset-main/line-exchange-snp/domain_snp.pddl,files/ipc2026-dataset-main/line-exchange-snp/instances/5_15_90_100.pddl
PATTY-BV,ipc2026-dataset-main/line-exchange-snp,files/ipc2026-dataset-main/line-exchange-snp/domain_snp.pddl,files/ipc2026-dataset-main/line-exchange-snp/instances/5_15_90_100.pddl
PATTY,ipc2026-dataset-main/line-exchange-snp,files/ipc2026-dataset-main/line-exchange-snp/domain_snp.pddl,files/ipc2026-dataset-main/line-exchange-snp/instances/5_5_25_100.pddl
PATTY-BV,ipc2026-dataset-main/line-exchange-snp,files/ipc2026-dataset-main/line-exchange-snp/domain_snp.pddl,files/ipc2026-dataset-main/line-exchange-snp/instances/5_5_25_100.pddl
PATTY,ipc2026-dataset-main/line-exchange-snp,files/ipc2026-dataset-main/line-exchange-snp/domain_snp.pddl,files/ipc2026-dataset-main/line-exchange-snp/instances/5_5_90_10.pddl
PATTY-BV,ipc2026-dataset-main/line-exchange-snp,files/ipc2026-dataset-main/line-exchange-snp/domain_snp.pddl,files/ipc2026-dataset-main/line-exchange-snp/instances/5_5_90_10.pddl
PATTY,ipc2026-dataset-main/onlycraft-opt,files/ipc2026-dataset-main/onlycraft-opt/domain.pddl,files/ipc2026-dataset-main/onlycraft-opt/instances/P01_opt.pddl
PATTY-BV,ipc2026-dataset-main/onlycraft-opt,files/ipc2026-dataset-main/onlycraft-opt/domain.pddl,files/ipc2026-dataset-main/onlycraft-opt/instances/P01_opt.pddl
PATTY,ipc2026-dataset-main/onlycraft-opt,files/ipc2026-dataset-main/onlycraft-opt/domain.pddl,files/ipc2026-dataset-main/onlycraft-opt/instances/P02_opt.pddl
PATTY-BV,ipc2026-dataset-main/onlycraft-opt,files/ipc2026-dataset-main/onlycraft-opt/domain.pddl,files/ipc2026-dataset-main/onlycraft-opt/instances/P02_opt.pddl
PATTY,ipc2026-dataset-main/onlycraft-opt,files/ipc2026-dataset-main/onlycraft-opt/domain.pddl,files/ipc2026-dataset-main/onlycraft-opt/instances/P03_opt.pddl
PATTY-BV,ipc2026-dataset-main/onlycraft-opt,files/ipc2026-dataset-main/onlycraft-opt/domain.pddl,files/ipc2026-dataset-main/onlycraft-opt/instances/P03_opt.pddl
PATTY,ipc2026-dataset-main/onlycraft-opt,files/ipc2026-dataset-main/onlycraft-opt/domain.pddl,files/ipc2026-dataset-main/onlycraft-opt/instances/P04_opt.pddl
PATTY-BV,ipc2026-dataset-main/onlycraft-opt,files/ipc2026-dataset-main/onlycraft-opt/domain.pddl,files/ipc2026-dataset-main/onlycraft-opt/instances/P04_opt.pddl
PATTY,ipc2026-dataset-main/onlycraft-opt,files/ipc2026-dataset-main/onlycraft-opt/domain.pddl,files/ipc2026-dataset-main/onlycraft-opt/instances/P05_opt.pddl
PATTY-BV,ipc2026-dataset-main/onlycraft-opt,files/ipc2026-dataset-main/onlycraft-opt/domain.pddl,files/ipc2026-dataset-main/onlycraft-opt/instances/P05_opt.pddl
PATTY,ipc2026-dataset-main/onlycraft-opt,files/ipc2026-dataset-main/onlycraft-opt/domain.pddl,files/ipc2026-dataset-main/onlycraft-opt/instances/P06_opt.pddl
PATTY-BV,ipc2026-dataset-main/onlycraft-opt,files/ipc2026-dataset-main/onlycraft-opt/domain.pddl,files/ipc2026-dataset-main/onlycraft-opt/instances/P06_opt.pddl
PATTY,ipc2026-dataset-main/onlycraft-opt,files/ipc2026-dataset-main/onlycraft-opt/domain.pddl,files/ipc2026-dataset-main/onlycraft-opt/instances/P07_opt.pddl
PATTY-BV,ipc2026-dataset-main/onlycraft-opt,files/ipc2026-dataset-main/onlycraft-opt/domain.pddl,files/ipc2026-dataset-main/onlycraft-opt/instances/P07_opt.pddl
PATTY,ipc2026-dataset-main/onlycraft-opt,files/ipc2026-dataset-main/onlycraft-opt/domain.pddl,files/ipc2026-dataset-main/onlycraft-opt/instances/P08_opt.pddl
PATTY-BV,ipc2026-dataset-main/onlycraft-opt,files/ipc2026-dataset-main/onlycraft-opt/domain.pddl,files/ipc2026-dataset-main/onlycraft-opt/instances/P08_opt.pddl
PATTY,ipc2026-dataset-main/onlycraft-opt,files/ipc2026-dataset-main/onlycraft-opt/domain.pddl,files/ipc2026-dataset-main/onlycraft-opt/instances/P09_opt.pddl
PATTY-BV,ipc2026-dataset-main/onlycraft-opt,files/ipc2026-dataset-main/onlycraft-opt/domain.pddl,files/ipc2026-dataset-main/onlycraft-opt/instances/P09_opt.pddl
PATTY,ipc2026-dataset-main/onlycraft-opt,files/ipc2026-dataset-main/onlycraft-opt/domain.pddl,files/ipc2026-dataset-main/onlycraft-opt/instances/P10_opt.pddl
PATTY-BV,ipc2026-dataset-main/onlycraft-opt,files/ipc2026-dataset-main/onlycraft-opt/domain.pddl,files/ipc2026-dataset-main/onlycraft-opt/instances/P10_opt.pddl
PATTY,ipc2026-dataset-main/onlycraft-opt,files/ipc2026-dataset-main/onlycraft-opt/domain.pddl,files/ipc2026-dataset-main/onlycraft-opt/instances/P11_opt.pddl
PATTY-BV,ipc2026-dataset-main/onlycraft-opt,files/ipc2026-dataset-main/onlycraft-opt/domain.pddl,files/ipc2026-dataset-main/onlycraft-opt/instances/P11_opt.pddl
PATTY,ipc2026-dataset-main/onlycraft-opt,files/ipc2026-dataset-main/onlycraft-opt/domain.pddl,files/ipc2026-dataset-main/onlycraft-opt/instances/P12_opt.pddl
PATTY-BV,ipc2026-dataset-main/onlycraft-opt,files/ipc2026-dataset-main/onlycraft-opt/domain.pddl,files/ipc2026-dataset-main/onlycraft-opt/instances/P12_opt.pddl
PATTY,ipc2026-dataset-main/onlycraft-opt,files/ipc2026-dataset-main/onlycraft-opt/domain.pddl,files/ipc2026-dataset-main/onlycraft-opt/instances/P13_opt.pddl
PATTY-BV,ipc2026-dataset-main/onlycraft-opt,files/ipc2026-dataset-main/onlycraft-opt/domain.pddl,files/ipc2026-dataset-main/onlycraft-opt/instances/P13_opt.pddl
PATTY,ipc2026-dataset-main/onlycraft-opt,files/ipc2026-dataset-main/onlycraft-opt/domain.pddl,files/ipc2026-dataset-main/onlycraft-opt/instances/P14_opt.pddl
PATTY-BV,ipc2026-dataset-main/onlycraft-opt,files/ipc2026-dataset-main/onlycraft-opt/domain.pddl,files/ipc2026-dataset-main/onlycraft-opt/instances/P14_opt.pddl
PATTY,ipc2026-dataset-main/onlycraft-opt,files/ipc2026-dataset-main/onlycraft-opt/domain.pddl,files/ipc2026-dataset-main/onlycraft-opt/instances/P15_opt.pddl
PATTY-BV,ipc2026-dataset-main/onlycraft-opt,files/ipc2026-dataset-main/onlycraft-opt/domain.pddl,files/ipc2026-dataset-main/onlycraft-opt/instances/P15_opt.pddl
PATTY,ipc2026-dataset-main/onlycraft-opt,files/ipc2026-dataset-main/onlycraft-opt/domain.pddl,files/ipc2026-dataset-main/onlycraft-opt/instances/P16_opt.pddl
PATTY-BV,ipc2026-dataset-main/onlycraft-opt,files/ipc2026-dataset-main/onlycraft-opt/domain.pddl,files/ipc2026-dataset-main/onlycraft-opt/instances/P16_opt.pddl
PATTY,ipc2026-dataset-main/onlycraft-opt,files/ipc2026-dataset-main/onlycraft-opt/domain.pddl,files/ipc2026-dataset-main/onlycraft-opt/instances/P17_opt.pddl
PATTY-BV,ipc2026-dataset-main/onlycraft-opt,files/ipc2026-dataset-main/onlycraft-opt/domain.pddl,files/ipc2026-dataset-main/onlycraft-opt/instances/P17_opt.pddl
PATTY,ipc2026-dataset-main/onlycraft-opt,files/ipc2026-dataset-main/onlycraft-opt/domain.pddl,files/ipc2026-dataset-main/onlycraft-opt/instances/P18_opt.pddl
PATTY-BV,ipc2026-dataset-main/onlycraft-opt,files/ipc2026-dataset-main/onlycraft-opt/domain.pddl,files/ipc2026-dataset-main/onlycraft-opt/instances/P18_opt.pddl
PATTY,ipc2026-dataset-main/onlycraft-opt,files/ipc2026-dataset-main/onlycraft-opt/domain.pddl,files/ipc2026-dataset-main/onlycraft-opt/instances/P19_opt.pddl
PATTY-BV,ipc2026-dataset-main/onlycraft-opt,files/ipc2026-dataset-main/onlycraft-opt/domain.pddl,files/ipc2026-dataset-main/onlycraft-opt/instances/P19_opt.pddl
PATTY,ipc2026-dataset-main/onlycraft-opt,files/ipc2026-dataset-main/onlycraft-opt/domain.pddl,files/ipc2026-dataset-main/onlycraft-opt/instances/P20_opt.pddl
PATTY-BV,ipc2026-dataset-main/onlycraft-opt,files/ipc2026-dataset-main/onlycraft-opt/domain.pddl,files/ipc2026-dataset-main/onlycraft-opt/instances/P20_opt.pddl
PATTY,ipc2026-dataset-main/onlycraft-sat,files/ipc2026-dataset-main/onlycraft-sat/domain.pddl,files/ipc2026-dataset-main/onlycraft-sat/instances/P01_sat.pddl
PATTY-BV,ipc2026-dataset-main/onlycraft-sat,files/ipc2026-dataset-main/onlycraft-sat/domain.pddl,files/ipc2026-dataset-main/onlycraft-sat/instances/P01_sat.pddl
PATTY,ipc2026-dataset-main/onlycraft-sat,files/ipc2026-dataset-main/onlycraft-sat/domain.pddl,files/ipc2026-dataset-main/onlycraft-sat/instances/P02_sat.pddl
PATTY-BV,ipc2026-dataset-main/onlycraft-sat,files/ipc2026-dataset-main/onlycraft-sat/domain.pddl,files/ipc2026-dataset-main/onlycraft-sat/instances/P02_sat.pddl
PATTY,ipc2026-dataset-main/onlycraft-sat,files/ipc2026-dataset-main/onlycraft-sat/domain.pddl,files/ipc2026-dataset-main/onlycraft-sat/instances/P03_sat.pddl
PATTY-BV,ipc2026-dataset-main/onlycraft-sat,files/ipc2026-dataset-main/onlycraft-sat/domain.pddl,files/ipc2026-dataset-main/onlycraft-sat/instances/P03_sat.pddl
PATTY,ipc2026-dataset-main/onlycraft-sat,files/ipc2026-dataset-main/onlycraft-sat/domain.pddl,files/ipc2026-dataset-main/onlycraft-sat/instances/P04_sat.pddl
PATTY-BV,ipc2026-dataset-main/onlycraft-sat,files/ipc2026-dataset-main/onlycraft-sat/domain.pddl,files/ipc2026-dataset-main/onlycraft-sat/instances/P04_sat.pddl
PATTY,ipc2026-dataset-main/onlycraft-sat,files/ipc2026-dataset-main/onlycraft-sat/domain.pddl,files/ipc2026-dataset-main/onlycraft-sat/instances/P05_sat.pddl
PATTY-BV,ipc2026-dataset-main/onlycraft-sat,files/ipc2026-dataset-main/onlycraft-sat/domain.pddl,files/ipc2026-dataset-main/onlycraft-sat/instances/P05_sat.pddl
PATTY,ipc2026-dataset-main/onlycraft-sat,files/ipc2026-dataset-main/onlycraft-sat/domain.pddl,files/ipc2026-dataset-main/onlycraft-sat/instances/P06_sat.pddl
PATTY-BV,ipc2026-dataset-main/onlycraft-sat,files/ipc2026-dataset-main/onlycraft-sat/domain.pddl,files/ipc2026-dataset-main/onlycraft-sat/instances/P06_sat.pddl
PATTY,ipc2026-dataset-main/onlycraft-sat,files/ipc2026-dataset-main/onlycraft-sat/domain.pddl,files/ipc2026-dataset-main/onlycraft-sat/instances/P07_sat.pddl
PATTY-BV,ipc2026-dataset-main/onlycraft-sat,files/ipc2026-dataset-main/onlycraft-sat/domain.pddl,files/ipc2026-dataset-main/onlycraft-sat/instances/P07_sat.pddl
PATTY,ipc2026-dataset-main/onlycraft-sat,files/ipc2026-dataset-main/onlycraft-sat/domain.pddl,files/ipc2026-dataset-main/onlycraft-sat/instances/P08_sat.pddl
PATTY-BV,ipc2026-dataset-main/onlycraft-sat,files/ipc2026-dataset-main/onlycraft-sat/domain.pddl,files/ipc2026-dataset-main/onlycraft-sat/instances/P08_sat.pddl
PATTY,ipc2026-dataset-main/onlycraft-sat,files/ipc2026-dataset-main/onlycraft-sat/domain.pddl,files/ipc2026-dataset-main/onlycraft-sat/instances/P09_sat.pddl
PATTY-BV,ipc2026-dataset-main/onlycraft-sat,files/ipc2026-dataset-main/onlycraft-sat/domain.pddl,files/ipc2026-dataset-main/onlycraft-sat/instances/P09_sat.pddl
PATTY,ipc2026-dataset-main/onlycraft-sat,files/ipc2026-dataset-main/onlycraft-sat/domain.pddl,files/ipc2026-dataset-main/onlycraft-sat/instances/P10_sat.pddl
PATTY-BV,ipc2026-dataset-main/onlycraft-sat,files/ipc2026-dataset-main/onlycraft-sat/domain.pddl,files/ipc2026-dataset-main/onlycraft-sat/instances/P10_sat.pddl
PATTY,ipc2026-dataset-main/onlycraft-sat,files/ipc2026-dataset-main/onlycraft-sat/domain.pddl,files/ipc2026-dataset-main/onlycraft-sat/instances/P11_sat.pddl
PATTY-BV,ipc2026-dataset-main/onlycraft-sat,files/ipc2026-dataset-main/onlycraft-sat/domain.pddl,files/ipc2026-dataset-main/onlycraft-sat/instances/P11_sat.pddl
PATTY,ipc2026-dataset-main/onlycraft-sat,files/ipc2026-dataset-main/onlycraft-sat/domain.pddl,files/ipc2026-dataset-main/onlycraft-sat/instances/P12_sat.pddl
PATTY-BV,ipc2026-dataset-main/onlycraft-sat,files/ipc2026-dataset-main/onlycraft-sat/domain.pddl,files/ipc2026-dataset-main/onlycraft-sat/instances/P12_sat.pddl
PATTY,ipc2026-dataset-main/onlycraft-sat,files/ipc2026-dataset-main/onlycraft-sat/domain.pddl,files/ipc2026-dataset-main/onlycraft-sat/instances/P13_sat.pddl
PATTY-BV,ipc2026-dataset-main/onlycraft-sat,files/ipc2026-dataset-main/onlycraft-sat/domain.pddl,files/ipc2026-dataset-main/onlycraft-sat/instances/P13_sat.pddl
PATTY,ipc2026-dataset-main/onlycraft-sat,files/ipc2026-dataset-main/onlycraft-sat/domain.pddl,files/ipc2026-dataset-main/onlycraft-sat/instances/P14_sat.pddl
PATTY-BV,ipc2026-dataset-main/onlycraft-sat,files/ipc2026-dataset-main/onlycraft-sat/domain.pddl,files/ipc2026-dataset-main/onlycraft-sat/instances/P14_sat.pddl
PATTY,ipc2026-dataset-main/onlycraft-sat,files/ipc2026-dataset-main/onlycraft-sat/domain.pddl,files/ipc2026-dataset-main/onlycraft-sat/instances/P15_sat.pddl
PATTY-BV,ipc2026-dataset-main/onlycraft-sat,files/ipc2026-dataset-main/onlycraft-sat/domain.pddl,files/ipc2026-dataset-main/onlycraft-sat/instances/P15_sat.pddl
PATTY,ipc2026-dataset-main/onlycraft-sat,files/ipc2026-dataset-main/onlycraft-sat/domain.pddl,files/ipc2026-dataset-main/onlycraft-sat/instances/P16_sat.pddl
PATTY-BV,ipc2026-dataset-main/onlycraft-sat,files/ipc2026-dataset-main/onlycraft-sat/domain.pddl,files/ipc2026-dataset-main/onlycraft-sat/instances/P16_sat.pddl
PATTY,ipc2026-dataset-main/onlycraft-sat,files/ipc2026-dataset-main/onlycraft-sat/domain.pddl,files/ipc2026-dataset-main/onlycraft-sat/instances/P17_sat.pddl
PATTY-BV,ipc2026-dataset-main/onlycraft-sat,files/ipc2026-dataset-main/onlycraft-sat/domain.pddl,files/ipc2026-dataset-main/onlycraft-sat/instances/P17_sat.pddl
PATTY,ipc2026-dataset-main/onlycraft-sat,files/ipc2026-dataset-main/onlycraft-sat/domain.pddl,files/ipc2026-dataset-main/onlycraft-sat/instances/P18_sat.pddl
PATTY-BV,ipc2026-dataset-main/onlycraft-sat,files/ipc2026-dataset-main/onlycraft-sat/domain.pddl,files/ipc2026-dataset-main/onlycraft-sat/instances/P18_sat.pddl
PATTY,ipc2026-dataset-main/onlycraft-sat,files/ipc2026-dataset-main/onlycraft-sat/domain.pddl,files/ipc2026-dataset-main/onlycraft-sat/instances/P19_sat.pddl
PATTY-BV,ipc2026-dataset-main/onlycraft-sat,files/ipc2026-dataset-main/onlycraft-sat/domain.pddl,files/ipc2026-dataset-main/onlycraft-sat/instances/P19_sat.pddl
PATTY,ipc2026-dataset-main/onlycraft-sat,files/ipc2026-dataset-main/onlycraft-sat/domain.pddl,files/ipc2026-dataset-main/onlycraft-sat/instances/P20_sat.pddl
PATTY-BV,ipc2026-dataset-main/onlycraft-sat,files/ipc2026-dataset-main/onlycraft-sat/domain.pddl,files/ipc2026-dataset-main/onlycraft-sat/instances/P20_sat.pddl
PATTY,ipc2026-dataset-main/petri-net,files/ipc2026-dataset-main/petri-net/domain.pddl,files/ipc2026-dataset-main/petri-net/instances/prob06-1.pddl
PATTY-BV,ipc2026-dataset-main/petri-net,files/ipc2026-dataset-main/petri-net/domain.pddl,files/ipc2026-dataset-main/petri-net/instances/prob06-1.pddl
PATTY,ipc2026-dataset-main/petri-net,files/ipc2026-dataset-main/petri-net/domain.pddl,files/ipc2026-dataset-main/petri-net/instances/prob06-2.pddl
PATTY-BV,ipc2026-dataset-main/petri-net,files/ipc2026-dataset-main/petri-net/domain.pddl,files/ipc2026-dataset-main/petri-net/instances/prob06-2.pddl
PATTY,ipc2026-dataset-main/petri-net,files/ipc2026-dataset-main/petri-net/domain.pddl,files/ipc2026-dataset-main/petri-net/instances/prob06-3.pddl
PATTY-BV,ipc2026-dataset-main/petri-net,files/ipc2026-dataset-main/petri-net/domain.pddl,files/ipc2026-dataset-main/petri-net/instances/prob06-3.pddl
PATTY,ipc2026-dataset-main/petri-net,files/ipc2026-dataset-main/petri-net/domain.pddl,files/ipc2026-dataset-main/petri-net/instances/prob06-4.pddl
PATTY-BV,ipc2026-dataset-main/petri-net,files/ipc2026-dataset-main/petri-net/domain.pddl,files/ipc2026-dataset-main/petri-net/instances/prob06-4.pddl
PATTY,ipc2026-dataset-main/petri-net,files/ipc2026-dataset-main/petri-net/domain.pddl,files/ipc2026-dataset-main/petri-net/instances/prob07-1.pddl
PATTY-BV,ipc2026-dataset-main/petri-net,files/ipc2026-dataset-main/petri-net/domain.pddl,files/ipc2026-dataset-main/petri-net/instances/prob07-1.pddl
PATTY,ipc2026-dataset-main/petri-net,files/ipc2026-dataset-main/petri-net/domain.pddl,files/ipc2026-dataset-main/petri-net/instances/prob07-2.pddl
PATTY-BV,ipc2026-dataset-main/petri-net,files/ipc2026-dataset-main/petri-net/domain.pddl,files/ipc2026-dataset-main/petri-net/instances/prob07-2.pddl
PATTY,ipc2026-dataset-main/petri-net,files/ipc2026-dataset-main/petri-net/domain.pddl,files/ipc2026-dataset-main/petri-net/instances/prob07-3.pddl
PATTY-BV,ipc2026-dataset-main/petri-net,files/ipc2026-dataset-main/petri-net/domain.pddl,files/ipc2026-dataset-main/petri-net/instances/prob07-3.pddl
PATTY,ipc2026-dataset-main/petri-net,files/ipc2026-dataset-main/petri-net/domain.pddl,files/ipc2026-dataset-main/petri-net/instances/prob07-4.pddl
PATTY-BV,ipc2026-dataset-main/petri-net,files/ipc2026-dataset-main/petri-net/domain.pddl,files/ipc2026-dataset-main/petri-net/instances/prob07-4.pddl
PATTY,ipc2026-dataset-main/petri-net,files/ipc2026-dataset-main/petri-net/domain.pddl,files/ipc2026-dataset-main/petri-net/instances/prob08-1.pddl
PATTY-BV,ipc2026-dataset-main/petri-net,files/ipc2026-dataset-main/petri-net/domain.pddl,files/ipc2026-dataset-main/petri-net/instances/prob08-1.pddl
PATTY,ipc2026-dataset-main/petri-net,files/ipc2026-dataset-main/petri-net/domain.pddl,files/ipc2026-dataset-main/petri-net/instances/prob08-2.pddl
PATTY-BV,ipc2026-dataset-main/petri-net,files/ipc2026-dataset-main/petri-net/domain.pddl,files/ipc2026-dataset-main/petri-net/instances/prob08-2.pddl
PATTY,ipc2026-dataset-main/petri-net,files/ipc2026-dataset-main/petri-net/domain.pddl,files/ipc2026-dataset-main/petri-net/instances/prob08-3.pddl
PATTY-BV,ipc2026-dataset-main/petri-net,files/ipc2026-dataset-main/petri-net/domain.pddl,files/ipc2026-dataset-main/petri-net/instances/prob08-3.pddl
PATTY,ipc2026-dataset-main/petri-net,files/ipc2026-dataset-main/petri-net/domain.pddl,files/ipc2026-dataset-main/petri-net/instances/prob08-4.pddl
PATTY-BV,ipc2026-dataset-main/petri-net,files/ipc2026-dataset-main/petri-net/domain.pddl,files/ipc2026-dataset-main/petri-net/instances/prob08-4.pddl
PATTY,ipc2026-dataset-main/petri-net,files/ipc2026-dataset-main/petri-net/domain.pddl,files/ipc2026-dataset-main/petri-net/instances/prob09-1.pddl
PATTY-BV,ipc2026-dataset-main/petri-net,files/ipc2026-dataset-main/petri-net/domain.pddl,files/ipc2026-dataset-main/petri-net/instances/prob09-1.pddl
PATTY,ipc2026-dataset-main/petri-net,files/ipc2026-dataset-main/petri-net/domain.pddl,files/ipc2026-dataset-main/petri-net/instances/prob09-2.pddl
PATTY-BV,ipc2026-dataset-main/petri-net,files/ipc2026-dataset-main/petri-net/domain.pddl,files/ipc2026-dataset-main/petri-net/instances/prob09-2.pddl
PATTY,ipc2026-dataset-main/petri-net,files/ipc2026-dataset-main/petri-net/domain.pddl,files/ipc2026-dataset-main/petri-net/instances/prob09-3.pddl
PATTY-BV,ipc2026-dataset-main/petri-net,files/ipc2026-dataset-main/petri-net/domain.pddl,files/ipc2026-dataset-main/petri-net/instances/prob09-3.pddl
PATTY,ipc2026-dataset-main/petri-net,files/ipc2026-dataset-main/petri-net/domain.pddl,files/ipc2026-dataset-main/petri-net/instances/prob09-4.pddl
PATTY-BV,ipc2026-dataset-main/petri-net,files/ipc2026-dataset-main/petri-net/domain.pddl,files/ipc2026-dataset-main/petri-net/instances/prob09-4.pddl
PATTY,ipc2026-dataset-main/petri-net,files/ipc2026-dataset-main/petri-net/domain.pddl,files/ipc2026-dataset-main/petri-net/instances/prob10-1.pddl
PATTY-BV,ipc2026-dataset-main/petri-net,files/ipc2026-dataset-main/petri-net/domain.pddl,files/ipc2026-dataset-main/petri-net/instances/prob10-1.pddl
PATTY,ipc2026-dataset-main/petri-net,files/ipc2026-dataset-main/petri-net/domain.pddl,files/ipc2026-dataset-main/petri-net/instances/prob10-2.pddl
PATTY-BV,ipc2026-dataset-main/petri-net,files/ipc2026-dataset-main/petri-net/domain.pddl,files/ipc2026-dataset-main/petri-net/instances/prob10-2.pddl
PATTY,ipc2026-dataset-main/petri-net,files/ipc2026-dataset-main/petri-net/domain.pddl,files/ipc2026-dataset-main/petri-net/instances/prob10-3.pddl
PATTY-BV,ipc2026-dataset-main/petri-net,files/ipc2026-dataset-main/petri-net/domain.pddl,files/ipc2026-dataset-main/petri-net/instances/prob10-3.pddl
PATTY,ipc2026-dataset-main/petri-net,files/ipc2026-dataset-main/petri-net/domain.pddl,files/ipc2026-dataset-main/petri-net/instances/prob10-4.pddl
PATTY-BV,ipc2026-dataset-main/petri-net,files/ipc2026-dataset-main/petri-net/domain.pddl,files/ipc2026-dataset-main/petri-net/instances/prob10-4.pddl
PATTY,ipc2026-dataset-main/rainbowttles-opt,files/ipc2026-dataset-main/rainbowttles-opt/domain.pddl,files/ipc2026-dataset-main/rainbowttles-opt/instances/p11.pddl
PATTY-BV,ipc2026-dataset-main/rainbowttles-opt,files/ipc2026-dataset-main/rainbowttles-opt/domain.pddl,files/ipc2026-dataset-main/rainbowttles-opt/instances/p11.pddl
PATTY,ipc2026-dataset-main/rainbowttles-opt,files/ipc2026-dataset-main/rainbowttles-opt/domain.pddl,files/ipc2026-dataset-main/rainbowttles-opt/instances/p12.pddl
PATTY-BV,ipc2026-dataset-main/rainbowttles-opt,files/ipc2026-dataset-main/rainbowttles-opt/domain.pddl,files/ipc2026-dataset-main/rainbowttles-opt/instances/p12.pddl
PATTY,ipc2026-dataset-main/rainbowttles-opt,files/ipc2026-dataset-main/rainbowttles-opt/domain.pddl,files/ipc2026-dataset-main/rainbowttles-opt/instances/p13.pddl
PATTY-BV,ipc2026-dataset-main/rainbowttles-opt,files/ipc2026-dataset-main/rainbowttles-opt/domain.pddl,files/ipc2026-dataset-main/rainbowttles-opt/instances/p13.pddl
PATTY,ipc2026-dataset-main/rainbowttles-opt,files/ipc2026-dataset-main/rainbowttles-opt/domain.pddl,files/ipc2026-dataset-main/rainbowttles-opt/instances/p14.pddl
PATTY-BV,ipc2026-dataset-main/rainbowttles-opt,files/ipc2026-dataset-main/rainbowttles-opt/domain.pddl,files/ipc2026-dataset-main/rainbowttles-opt/instances/p14.pddl
PATTY,ipc2026-dataset-main/rainbowttles-opt,files/ipc2026-dataset-main/rainbowttles-opt/domain.pddl,files/ipc2026-dataset-main/rainbowttles-opt/instances/p15.pddl
PATTY-BV,ipc2026-dataset-main/rainbowttles-opt,files/ipc2026-dataset-main/rainbowttles-opt/domain.pddl,files/ipc2026-dataset-main/rainbowttles-opt/instances/p15.pddl
PATTY,ipc2026-dataset-main/rainbowttles-opt,files/ipc2026-dataset-main/rainbowttles-opt/domain.pddl,files/ipc2026-dataset-main/rainbowttles-opt/instances/p16.pddl
PATTY-BV,ipc2026-dataset-main/rainbowttles-opt,files/ipc2026-dataset-main/rainbowttles-opt/domain.pddl,files/ipc2026-dataset-main/rainbowttles-opt/instances/p16.pddl
PATTY,ipc2026-dataset-main/rainbowttles-opt,files/ipc2026-dataset-main/rainbowttles-opt/domain.pddl,files/ipc2026-dataset-main/rainbowttles-opt/instances/p17.pddl
PATTY-BV,ipc2026-dataset-main/rainbowttles-opt,files/ipc2026-dataset-main/rainbowttles-opt/domain.pddl,files/ipc2026-dataset-main/rainbowttles-opt/instances/p17.pddl
PATTY,ipc2026-dataset-main/rainbowttles-opt,files/ipc2026-dataset-main/rainbowttles-opt/domain.pddl,files/ipc2026-dataset-main/rainbowttles-opt/instances/p18.pddl
PATTY-BV,ipc2026-dataset-main/rainbowttles-opt,files/ipc2026-dataset-main/rainbowttles-opt/domain.pddl,files/ipc2026-dataset-main/rainbowttles-opt/instances/p18.pddl
PATTY,ipc2026-dataset-main/rainbowttles-opt,files/ipc2026-dataset-main/rainbowttles-opt/domain.pddl,files/ipc2026-dataset-main/rainbowttles-opt/instances/p19.pddl
PATTY-BV,ipc2026-dataset-main/rainbowttles-opt,files/ipc2026-dataset-main/rainbowttles-opt/domain.pddl,files/ipc2026-dataset-main/rainbowttles-opt/instances/p19.pddl
PATTY,ipc2026-dataset-main/rainbowttles-opt,files/ipc2026-dataset-main/rainbowttles-opt/domain.pddl,files/ipc2026-dataset-main/rainbowttles-opt/instances/p20.pddl
PATTY-BV,ipc2026-dataset-main/rainbowttles-opt,files/ipc2026-dataset-main/rainbowttles-opt/domain.pddl,files/ipc2026-dataset-main/rainbowttles-opt/instances/p20.pddl
PATTY,ipc2026-dataset-main/rainbowttles-opt,files/ipc2026-dataset-main/rainbowttles-opt/domain.pddl,files/ipc2026-dataset-main/rainbowttles-opt/instances/p21.pddl
PATTY-BV,ipc2026-dataset-main/rainbowttles-opt,files/ipc2026-dataset-main/rainbowttles-opt/domain.pddl,files/ipc2026-dataset-main/rainbowttles-opt/instances/p21.pddl
PATTY,ipc2026-dataset-main/rainbowttles-opt,files/ipc2026-dataset-main/rainbowttles-opt/domain.pddl,files/ipc2026-dataset-main/rainbowttles-opt/instances/p22.pddl
PATTY-BV,ipc2026-dataset-main/rainbowttles-opt,files/ipc2026-dataset-main/rainbowttles-opt/domain.pddl,files/ipc2026-dataset-main/rainbowttles-opt/instances/p22.pddl
PATTY,ipc2026-dataset-main/rainbowttles-opt,files/ipc2026-dataset-main/rainbowttles-opt/domain.pddl,files/ipc2026-dataset-main/rainbowttles-opt/instances/p23.pddl
PATTY-BV,ipc2026-dataset-main/rainbowttles-opt,files/ipc2026-dataset-main/rainbowttles-opt/domain.pddl,files/ipc2026-dataset-main/rainbowttles-opt/instances/p23.pddl
PATTY,ipc2026-dataset-main/rainbowttles-opt,files/ipc2026-dataset-main/rainbowttles-opt/domain.pddl,files/ipc2026-dataset-main/rainbowttles-opt/instances/p24.pddl
PATTY-BV,ipc2026-dataset-main/rainbowttles-opt,files/ipc2026-dataset-main/rainbowttles-opt/domain.pddl,files/ipc2026-dataset-main/rainbowttles-opt/instances/p24.pddl
PATTY,ipc2026-dataset-main/rainbowttles-opt,files/ipc2026-dataset-main/rainbowttles-opt/domain.pddl,files/ipc2026-dataset-main/rainbowttles-opt/instances/p25.pddl
PATTY-BV,ipc2026-dataset-main/rainbowttles-opt,files/ipc2026-dataset-main/rainbowttles-opt/domain.pddl,files/ipc2026-dataset-main/rainbowttles-opt/instances/p25.pddl
PATTY,ipc2026-dataset-main/rainbowttles-opt,files/ipc2026-dataset-main/rainbowttles-opt/domain.pddl,files/ipc2026-dataset-main/rainbowttles-opt/instances/p26.pddl
PATTY-BV,ipc2026-dataset-main/rainbowttles-opt,files/ipc2026-dataset-main/rainbowttles-opt/domain.pddl,files/ipc2026-dataset-main/rainbowttles-opt/instances/p26.pddl
PATTY,ipc2026-dataset-main/rainbowttles-opt,files/ipc2026-dataset-main/rainbowttles-opt/domain.pddl,files/ipc2026-dataset-main/rainbowttles-opt/instances/p27.pddl
PATTY-BV,ipc2026-dataset-main/rainbowttles-opt,files/ipc2026-dataset-main/rainbowttles-opt/domain.pddl,files/ipc2026-dataset-main/rainbowttles-opt/instances/p27.pddl
PATTY,ipc2026-dataset-main/rainbowttles-opt,files/ipc2026-dataset-main/rainbowttles-opt/domain.pddl,files/ipc2026-dataset-main/rainbowttles-opt/instances/p28.pddl
PATTY-BV,ipc2026-dataset-main/rainbowttles-opt,files/ipc2026-dataset-main/rainbowttles-opt/domain.pddl,files/ipc2026-dataset-main/rainbowttles-opt/instances/p28.pddl
PATTY,ipc2026-dataset-main/rainbowttles-opt,files/ipc2026-dataset-main/rainbowttles-opt/domain.pddl,files/ipc2026-dataset-main/rainbowttles-opt/instances/p29.pddl
PATTY-BV,ipc2026-dataset-main/rainbowttles-opt,files/ipc2026-dataset-main/rainbowttles-opt/domain.pddl,files/ipc2026-dataset-main/rainbowttles-opt/instances/p29.pddl
PATTY,ipc2026-dataset-main/rainbowttles-opt,files/ipc2026-dataset-main/rainbowttles-opt/domain.pddl,files/ipc2026-dataset-main/rainbowttles-opt/instances/p30.pddl
PATTY-BV,ipc2026-dataset-main/rainbowttles-opt,files/ipc2026-dataset-main/rainbowttles-opt/domain.pddl,files/ipc2026-dataset-main/rainbowttles-opt/instances/p30.pddl
PATTY,ipc2026-dataset-main/rainbowttles-sat,files/ipc2026-dataset-main/rainbowttles-sat/domain.pddl,files/ipc2026-dataset-main/rainbowttles-sat/instances/p31.pddl
PATTY-BV,ipc2026-dataset-main/rainbowttles-sat,files/ipc2026-dataset-main/rainbowttles-sat/domain.pddl,files/ipc2026-dataset-main/rainbowttles-sat/instances/p31.pddl
PATTY,ipc2026-dataset-main/rainbowttles-sat,files/ipc2026-dataset-main/rainbowttles-sat/domain.pddl,files/ipc2026-dataset-main/rainbowttles-sat/instances/p32.pddl
PATTY-BV,ipc2026-dataset-main/rainbowttles-sat,files/ipc2026-dataset-main/rainbowttles-sat/domain.pddl,files/ipc2026-dataset-main/rainbowttles-sat/instances/p32.pddl
PATTY,ipc2026-dataset-main/rainbowttles-sat,files/ipc2026-dataset-main/rainbowttles-sat/domain.pddl,files/ipc2026-dataset-main/rainbowttles-sat/instances/p33.pddl
PATTY-BV,ipc2026-dataset-main/rainbowttles-sat,files/ipc2026-dataset-main/rainbowttles-sat/domain.pddl,files/ipc2026-dataset-main/rainbowttles-sat/instances/p33.pddl
PATTY,ipc2026-dataset-main/rainbowttles-sat,files/ipc2026-dataset-main/rainbowttles-sat/domain.pddl,files/ipc2026-dataset-main/rainbowttles-sat/instances/p34.pddl
PATTY-BV,ipc2026-dataset-main/rainbowttles-sat,files/ipc2026-dataset-main/rainbowttles-sat/domain.pddl,files/ipc2026-dataset-main/rainbowttles-sat/instances/p34.pddl
PATTY,ipc2026-dataset-main/rainbowttles-sat,files/ipc2026-dataset-main/rainbowttles-sat/domain.pddl,files/ipc2026-dataset-main/rainbowttles-sat/instances/p35.pddl
PATTY-BV,ipc2026-dataset-main/rainbowttles-sat,files/ipc2026-dataset-main/rainbowttles-sat/domain.pddl,files/ipc2026-dataset-main/rainbowttles-sat/instances/p35.pddl
PATTY,ipc2026-dataset-main/rainbowttles-sat,files/ipc2026-dataset-main/rainbowttles-sat/domain.pddl,files/ipc2026-dataset-main/rainbowttles-sat/instances/p36.pddl
PATTY-BV,ipc2026-dataset-main/rainbowttles-sat,files/ipc2026-dataset-main/rainbowttles-sat/domain.pddl,files/ipc2026-dataset-main/rainbowttles-sat/instances/p36.pddl
PATTY,ipc2026-dataset-main/rainbowttles-sat,files/ipc2026-dataset-main/rainbowttles-sat/domain.pddl,files/ipc2026-dataset-main/rainbowttles-sat/instances/p37.pddl
PATTY-BV,ipc2026-dataset-main/rainbowttles-sat,files/ipc2026-dataset-main/rainbowttles-sat/domain.pddl,files/ipc2026-dataset-main/rainbowttles-sat/instances/p37.pddl
PATTY,ipc2026-dataset-main/rainbowttles-sat,files/ipc2026-dataset-main/rainbowttles-sat/domain.pddl,files/ipc2026-dataset-main/rainbowttles-sat/instances/p38.pddl
PATTY-BV,ipc2026-dataset-main/rainbowttles-sat,files/ipc2026-dataset-main/rainbowttles-sat/domain.pddl,files/ipc2026-dataset-main/rainbowttles-sat/instances/p38.pddl
PATTY,ipc2026-dataset-main/rainbowttles-sat,files/ipc2026-dataset-main/rainbowttles-sat/domain.pddl,files/ipc2026-dataset-main/rainbowttles-sat/instances/p39.pddl
PATTY-BV,ipc2026-dataset-main/rainbowttles-sat,files/ipc2026-dataset-main/rainbowttles-sat/domain.pddl,files/ipc2026-dataset-main/rainbowttles-sat/instances/p39.pddl
PATTY,ipc2026-dataset-main/rainbowttles-sat,files/ipc2026-dataset-main/rainbowttles-sat/domain.pddl,files/ipc2026-dataset-main/rainbowttles-sat/instances/p40.pddl
PATTY-BV,ipc2026-dataset-main/rainbowttles-sat,files/ipc2026-dataset-main/rainbowttles-sat/domain.pddl,files/ipc2026-dataset-main/rainbowttles-sat/instances/p40.pddl
PATTY,ipc2026-dataset-main/rainbowttles-sat,files/ipc2026-dataset-main/rainbowttles-sat/domain.pddl,files/ipc2026-dataset-main/rainbowttles-sat/instances/p41.pddl
PATTY-BV,ipc2026-dataset-main/rainbowttles-sat,files/ipc2026-dataset-main/rainbowttles-sat/domain.pddl,files/ipc2026-dataset-main/rainbowttles-sat/instances/p41.pddl
PATTY,ipc2026-dataset-main/rainbowttles-sat,files/ipc2026-dataset-main/rainbowttles-sat/domain.pddl,files/ipc2026-dataset-main/rainbowttles-sat/instances/p42.pddl
PATTY-BV,ipc2026-dataset-main/rainbowttles-sat,files/ipc2026-dataset-main/rainbowttles-sat/domain.pddl,files/ipc2026-dataset-main/rainbowttles-sat/instances/p42.pddl
PATTY,ipc2026-dataset-main/rainbowttles-sat,files/ipc2026-dataset-main/rainbowttles-sat/domain.pddl,files/ipc2026-dataset-main/rainbowttles-sat/instances/p43.pddl
PATTY-BV,ipc2026-dataset-main/rainbowttles-sat,files/ipc2026-dataset-main/rainbowttles-sat/domain.pddl,files/ipc2026-dataset-main/rainbowttles-sat/instances/p43.pddl
PATTY,ipc2026-dataset-main/rainbowttles-sat,files/ipc2026-dataset-main/rainbowttles-sat/domain.pddl,files/ipc2026-dataset-main/rainbowttles-sat/instances/p44.pddl
PATTY-BV,ipc2026-dataset-main/rainbowttles-sat,files/ipc2026-dataset-main/rainbowttles-sat/domain.pddl,files/ipc2026-dataset-main/rainbowttles-sat/instances/p44.pddl
PATTY,ipc2026-dataset-main/rainbowttles-sat,files/ipc2026-dataset-main/rainbowttles-sat/domain.pddl,files/ipc2026-dataset-main/rainbowttles-sat/instances/p45.pddl
PATTY-BV,ipc2026-dataset-main/rainbowttles-sat,files/ipc2026-dataset-main/rainbowttles-sat/domain.pddl,files/ipc2026-dataset-main/rainbowttles-sat/instances/p45.pddl
PATTY,ipc2026-dataset-main/rainbowttles-sat,files/ipc2026-dataset-main/rainbowttles-sat/domain.pddl,files/ipc2026-dataset-main/rainbowttles-sat/instances/p46.pddl
PATTY-BV,ipc2026-dataset-main/rainbowttles-sat,files/ipc2026-dataset-main/rainbowttles-sat/domain.pddl,files/ipc2026-dataset-main/rainbowttles-sat/instances/p46.pddl
PATTY,ipc2026-dataset-main/rainbowttles-sat,files/ipc2026-dataset-main/rainbowttles-sat/domain.pddl,files/ipc2026-dataset-main/rainbowttles-sat/instances/p47.pddl
PATTY-BV,ipc2026-dataset-main/rainbowttles-sat,files/ipc2026-dataset-main/rainbowttles-sat/domain.pddl,files/ipc2026-dataset-main/rainbowttles-sat/instances/p47.pddl
PATTY,ipc2026-dataset-main/rainbowttles-sat,files/ipc2026-dataset-main/rainbowttles-sat/domain.pddl,files/ipc2026-dataset-main/rainbowttles-sat/instances/p48.pddl
PATTY-BV,ipc2026-dataset-main/rainbowttles-sat,files/ipc2026-dataset-main/rainbowttles-sat/domain.pddl,files/ipc2026-dataset-main/rainbowttles-sat/instances/p48.pddl
PATTY,ipc2026-dataset-main/rainbowttles-sat,files/ipc2026-dataset-main/rainbowttles-sat/domain.pddl,files/ipc2026-dataset-main/rainbowttles-sat/instances/p49.pddl
PATTY-BV,ipc2026-dataset-main/rainbowttles-sat,files/ipc2026-dataset-main/rainbowttles-sat/domain.pddl,files/ipc2026-dataset-main/rainbowttles-sat/instances/p49.pddl
PATTY,ipc2026-dataset-main/rainbowttles-sat,files/ipc2026-dataset-main/rainbowttles-sat/domain.pddl,files/ipc2026-dataset-main/rainbowttles-sat/instances/p50.pddl
PATTY-BV,ipc2026-dataset-main/rainbowttles-sat,files/ipc2026-dataset-main/rainbowttles-sat/domain.pddl,files/ipc2026-dataset-main/rainbowttles-sat/instances/p50.pddl
PATTY,ipc2026-dataset-main/sailing-wind-opt,files/ipc2026-dataset-main/sailing-wind-opt/domain.pddl,files/ipc2026-dataset-main/sailing-wind-opt/instances/problem_0.pddl
PATTY-BV,ipc2026-dataset-main/sailing-wind-opt,files/ipc2026-dataset-main/sailing-wind-opt/domain.pddl,files/ipc2026-dataset-main/sailing-wind-opt/instances/problem_0.pddl
PATTY,ipc2026-dataset-main/sailing-wind-opt,files/ipc2026-dataset-main/sailing-wind-opt/domain.pddl,files/ipc2026-dataset-main/sailing-wind-opt/instances/problem_1.pddl
PATTY-BV,ipc2026-dataset-main/sailing-wind-opt,files/ipc2026-dataset-main/sailing-wind-opt/domain.pddl,files/ipc2026-dataset-main/sailing-wind-opt/instances/problem_1.pddl
PATTY,ipc2026-dataset-main/sailing-wind-opt,files/ipc2026-dataset-main/sailing-wind-opt/domain.pddl,files/ipc2026-dataset-main/sailing-wind-opt/instances/problem_10.pddl
PATTY-BV,ipc2026-dataset-main/sailing-wind-opt,files/ipc2026-dataset-main/sailing-wind-opt/domain.pddl,files/ipc2026-dataset-main/sailing-wind-opt/instances/problem_10.pddl
PATTY,ipc2026-dataset-main/sailing-wind-opt,files/ipc2026-dataset-main/sailing-wind-opt/domain.pddl,files/ipc2026-dataset-main/sailing-wind-opt/instances/problem_11.pddl
PATTY-BV,ipc2026-dataset-main/sailing-wind-opt,files/ipc2026-dataset-main/sailing-wind-opt/domain.pddl,files/ipc2026-dataset-main/sailing-wind-opt/instances/problem_11.pddl
PATTY,ipc2026-dataset-main/sailing-wind-opt,files/ipc2026-dataset-main/sailing-wind-opt/domain.pddl,files/ipc2026-dataset-main/sailing-wind-opt/instances/problem_12.pddl
PATTY-BV,ipc2026-dataset-main/sailing-wind-opt,files/ipc2026-dataset-main/sailing-wind-opt/domain.pddl,files/ipc2026-dataset-main/sailing-wind-opt/instances/problem_12.pddl
PATTY,ipc2026-dataset-main/sailing-wind-opt,files/ipc2026-dataset-main/sailing-wind-opt/domain.pddl,files/ipc2026-dataset-main/sailing-wind-opt/instances/problem_13.pddl
PATTY-BV,ipc2026-dataset-main/sailing-wind-opt,files/ipc2026-dataset-main/sailing-wind-opt/domain.pddl,files/ipc2026-dataset-main/sailing-wind-opt/instances/problem_13.pddl
PATTY,ipc2026-dataset-main/sailing-wind-opt,files/ipc2026-dataset-main/sailing-wind-opt/domain.pddl,files/ipc2026-dataset-main/sailing-wind-opt/instances/problem_14.pddl
PATTY-BV,ipc2026-dataset-main/sailing-wind-opt,files/ipc2026-dataset-main/sailing-wind-opt/domain.pddl,files/ipc2026-dataset-main/sailing-wind-opt/instances/problem_14.pddl
PATTY,ipc2026-dataset-main/sailing-wind-opt,files/ipc2026-dataset-main/sailing-wind-opt/domain.pddl,files/ipc2026-dataset-main/sailing-wind-opt/instances/problem_15.pddl
PATTY-BV,ipc2026-dataset-main/sailing-wind-opt,files/ipc2026-dataset-main/sailing-wind-opt/domain.pddl,files/ipc2026-dataset-main/sailing-wind-opt/instances/problem_15.pddl
PATTY,ipc2026-dataset-main/sailing-wind-opt,files/ipc2026-dataset-main/sailing-wind-opt/domain.pddl,files/ipc2026-dataset-main/sailing-wind-opt/instances/problem_16.pddl
PATTY-BV,ipc2026-dataset-main/sailing-wind-opt,files/ipc2026-dataset-main/sailing-wind-opt/domain.pddl,files/ipc2026-dataset-main/sailing-wind-opt/instances/problem_16.pddl
PATTY,ipc2026-dataset-main/sailing-wind-opt,files/ipc2026-dataset-main/sailing-wind-opt/domain.pddl,files/ipc2026-dataset-main/sailing-wind-opt/instances/problem_17.pddl
PATTY-BV,ipc2026-dataset-main/sailing-wind-opt,files/ipc2026-dataset-main/sailing-wind-opt/domain.pddl,files/ipc2026-dataset-main/sailing-wind-opt/instances/problem_17.pddl
PATTY,ipc2026-dataset-main/sailing-wind-opt,files/ipc2026-dataset-main/sailing-wind-opt/domain.pddl,files/ipc2026-dataset-main/sailing-wind-opt/instances/problem_18.pddl
PATTY-BV,ipc2026-dataset-main/sailing-wind-opt,files/ipc2026-dataset-main/sailing-wind-opt/domain.pddl,files/ipc2026-dataset-main/sailing-wind-opt/instances/problem_18.pddl
PATTY,ipc2026-dataset-main/sailing-wind-opt,files/ipc2026-dataset-main/sailing-wind-opt/domain.pddl,files/ipc2026-dataset-main/sailing-wind-opt/instances/problem_19.pddl
PATTY-BV,ipc2026-dataset-main/sailing-wind-opt,files/ipc2026-dataset-main/sailing-wind-opt/domain.pddl,files/ipc2026-dataset-main/sailing-wind-opt/instances/problem_19.pddl
PATTY,ipc2026-dataset-main/sailing-wind-opt,files/ipc2026-dataset-main/sailing-wind-opt/domain.pddl,files/ipc2026-dataset-main/sailing-wind-opt/instances/problem_2.pddl
PATTY-BV,ipc2026-dataset-main/sailing-wind-opt,files/ipc2026-dataset-main/sailing-wind-opt/domain.pddl,files/ipc2026-dataset-main/sailing-wind-opt/instances/problem_2.pddl
PATTY,ipc2026-dataset-main/sailing-wind-opt,files/ipc2026-dataset-main/sailing-wind-opt/domain.pddl,files/ipc2026-dataset-main/sailing-wind-opt/instances/problem_3.pddl
PATTY-BV,ipc2026-dataset-main/sailing-wind-opt,files/ipc2026-dataset-main/sailing-wind-opt/domain.pddl,files/ipc2026-dataset-main/sailing-wind-opt/instances/problem_3.pddl
PATTY,ipc2026-dataset-main/sailing-wind-opt,files/ipc2026-dataset-main/sailing-wind-opt/domain.pddl,files/ipc2026-dataset-main/sailing-wind-opt/instances/problem_4.pddl
PATTY-BV,ipc2026-dataset-main/sailing-wind-opt,files/ipc2026-dataset-main/sailing-wind-opt/domain.pddl,files/ipc2026-dataset-main/sailing-wind-opt/instances/problem_4.pddl
PATTY,ipc2026-dataset-main/sailing-wind-opt,files/ipc2026-dataset-main/sailing-wind-opt/domain.pddl,files/ipc2026-dataset-main/sailing-wind-opt/instances/problem_5.pddl
PATTY-BV,ipc2026-dataset-main/sailing-wind-opt,files/ipc2026-dataset-main/sailing-wind-opt/domain.pddl,files/ipc2026-dataset-main/sailing-wind-opt/instances/problem_5.pddl
PATTY,ipc2026-dataset-main/sailing-wind-opt,files/ipc2026-dataset-main/sailing-wind-opt/domain.pddl,files/ipc2026-dataset-main/sailing-wind-opt/instances/problem_6.pddl
PATTY-BV,ipc2026-dataset-main/sailing-wind-opt,files/ipc2026-dataset-main/sailing-wind-opt/domain.pddl,files/ipc2026-dataset-main/sailing-wind-opt/instances/problem_6.pddl
PATTY,ipc2026-dataset-main/sailing-wind-opt,files/ipc2026-dataset-main/sailing-wind-opt/domain.pddl,files/ipc2026-dataset-main/sailing-wind-opt/instances/problem_7.pddl
PATTY-BV,ipc2026-dataset-main/sailing-wind-opt,files/ipc2026-dataset-main/sailing-wind-opt/domain.pddl,files/ipc2026-dataset-main/sailing-wind-opt/instances/problem_7.pddl
PATTY,ipc2026-dataset-main/sailing-wind-opt,files/ipc2026-dataset-main/sailing-wind-opt/domain.pddl,files/ipc2026-dataset-main/sailing-wind-opt/instances/problem_8.pddl
PATTY-BV,ipc2026-dataset-main/sailing-wind-opt,files/ipc2026-dataset-main/sailing-wind-opt/domain.pddl,files/ipc2026-dataset-main/sailing-wind-opt/instances/problem_8.pddl
PATTY,ipc2026-dataset-main/sailing-wind-opt,files/ipc2026-dataset-main/sailing-wind-opt/domain.pddl,files/ipc2026-dataset-main/sailing-wind-opt/instances/problem_9.pddl
PATTY-BV,ipc2026-dataset-main/sailing-wind-opt,files/ipc2026-dataset-main/sailing-wind-opt/domain.pddl,files/ipc2026-dataset-main/sailing-wind-opt/instances/problem_9.pddl
PATTY,ipc2026-dataset-main/sailing-wind-sat,files/ipc2026-dataset-main/sailing-wind-sat/domain.pddl,files/ipc2026-dataset-main/sailing-wind-sat/instances/problem_0.pddl
PATTY-BV,ipc2026-dataset-main/sailing-wind-sat,files/ipc2026-dataset-main/sailing-wind-sat/domain.pddl,files/ipc2026-dataset-main/sailing-wind-sat/instances/problem_0.pddl
PATTY,ipc2026-dataset-main/sailing-wind-sat,files/ipc2026-dataset-main/sailing-wind-sat/domain.pddl,files/ipc2026-dataset-main/sailing-wind-sat/instances/problem_1.pddl
PATTY-BV,ipc2026-dataset-main/sailing-wind-sat,files/ipc2026-dataset-main/sailing-wind-sat/domain.pddl,files/ipc2026-dataset-main/sailing-wind-sat/instances/problem_1.pddl
PATTY,ipc2026-dataset-main/sailing-wind-sat,files/ipc2026-dataset-main/sailing-wind-sat/domain.pddl,files/ipc2026-dataset-main/sailing-wind-sat/instances/problem_10.pddl
PATTY-BV,ipc2026-dataset-main/sailing-wind-sat,files/ipc2026-dataset-main/sailing-wind-sat/domain.pddl,files/ipc2026-dataset-main/sailing-wind-sat/instances/problem_10.pddl
PATTY,ipc2026-dataset-main/sailing-wind-sat,files/ipc2026-dataset-main/sailing-wind-sat/domain.pddl,files/ipc2026-dataset-main/sailing-wind-sat/instances/problem_11.pddl
PATTY-BV,ipc2026-dataset-main/sailing-wind-sat,files/ipc2026-dataset-main/sailing-wind-sat/domain.pddl,files/ipc2026-dataset-main/sailing-wind-sat/instances/problem_11.pddl
PATTY,ipc2026-dataset-main/sailing-wind-sat,files/ipc2026-dataset-main/sailing-wind-sat/domain.pddl,files/ipc2026-dataset-main/sailing-wind-sat/instances/problem_12.pddl
PATTY-BV,ipc2026-dataset-main/sailing-wind-sat,files/ipc2026-dataset-main/sailing-wind-sat/domain.pddl,files/ipc2026-dataset-main/sailing-wind-sat/instances/problem_12.pddl
PATTY,ipc2026-dataset-main/sailing-wind-sat,files/ipc2026-dataset-main/sailing-wind-sat/domain.pddl,files/ipc2026-dataset-main/sailing-wind-sat/instances/problem_13.pddl
PATTY-BV,ipc2026-dataset-main/sailing-wind-sat,files/ipc2026-dataset-main/sailing-wind-sat/domain.pddl,files/ipc2026-dataset-main/sailing-wind-sat/instances/problem_13.pddl
PATTY,ipc2026-dataset-main/sailing-wind-sat,files/ipc2026-dataset-main/sailing-wind-sat/domain.pddl,files/ipc2026-dataset-main/sailing-wind-sat/instances/problem_14.pddl
PATTY-BV,ipc2026-dataset-main/sailing-wind-sat,files/ipc2026-dataset-main/sailing-wind-sat/domain.pddl,files/ipc2026-dataset-main/sailing-wind-sat/instances/problem_14.pddl
PATTY,ipc2026-dataset-main/sailing-wind-sat,files/ipc2026-dataset-main/sailing-wind-sat/domain.pddl,files/ipc2026-dataset-main/sailing-wind-sat/instances/problem_15.pddl
PATTY-BV,ipc2026-dataset-main/sailing-wind-sat,files/ipc2026-dataset-main/sailing-wind-sat/domain.pddl,files/ipc2026-dataset-main/sailing-wind-sat/instances/problem_15.pddl
PATTY,ipc2026-dataset-main/sailing-wind-sat,files/ipc2026-dataset-main/sailing-wind-sat/domain.pddl,files/ipc2026-dataset-main/sailing-wind-sat/instances/problem_16.pddl
PATTY-BV,ipc2026-dataset-main/sailing-wind-sat,files/ipc2026-dataset-main/sailing-wind-sat/domain.pddl,files/ipc2026-dataset-main/sailing-wind-sat/instances/problem_16.pddl
PATTY,ipc2026-dataset-main/sailing-wind-sat,files/ipc2026-dataset-main/sailing-wind-sat/domain.pddl,files/ipc2026-dataset-main/sailing-wind-sat/instances/problem_17.pddl
PATTY-BV,ipc2026-dataset-main/sailing-wind-sat,files/ipc2026-dataset-main/sailing-wind-sat/domain.pddl,files/ipc2026-dataset-main/sailing-wind-sat/instances/problem_17.pddl
PATTY,ipc2026-dataset-main/sailing-wind-sat,files/ipc2026-dataset-main/sailing-wind-sat/domain.pddl,files/ipc2026-dataset-main/sailing-wind-sat/instances/problem_18.pddl
PATTY-BV,ipc2026-dataset-main/sailing-wind-sat,files/ipc2026-dataset-main/sailing-wind-sat/domain.pddl,files/ipc2026-dataset-main/sailing-wind-sat/instances/problem_18.pddl
PATTY,ipc2026-dataset-main/sailing-wind-sat,files/ipc2026-dataset-main/sailing-wind-sat/domain.pddl,files/ipc2026-dataset-main/sailing-wind-sat/instances/problem_19.pddl
PATTY-BV,ipc2026-dataset-main/sailing-wind-sat,files/ipc2026-dataset-main/sailing-wind-sat/domain.pddl,files/ipc2026-dataset-main/sailing-wind-sat/instances/problem_19.pddl
PATTY,ipc2026-dataset-main/sailing-wind-sat,files/ipc2026-dataset-main/sailing-wind-sat/domain.pddl,files/ipc2026-dataset-main/sailing-wind-sat/instances/problem_2.pddl
PATTY-BV,ipc2026-dataset-main/sailing-wind-sat,files/ipc2026-dataset-main/sailing-wind-sat/domain.pddl,files/ipc2026-dataset-main/sailing-wind-sat/instances/problem_2.pddl
PATTY,ipc2026-dataset-main/sailing-wind-sat,files/ipc2026-dataset-main/sailing-wind-sat/domain.pddl,files/ipc2026-dataset-main/sailing-wind-sat/instances/problem_3.pddl
PATTY-BV,ipc2026-dataset-main/sailing-wind-sat,files/ipc2026-dataset-main/sailing-wind-sat/domain.pddl,files/ipc2026-dataset-main/sailing-wind-sat/instances/problem_3.pddl
PATTY,ipc2026-dataset-main/sailing-wind-sat,files/ipc2026-dataset-main/sailing-wind-sat/domain.pddl,files/ipc2026-dataset-main/sailing-wind-sat/instances/problem_4.pddl
PATTY-BV,ipc2026-dataset-main/sailing-wind-sat,files/ipc2026-dataset-main/sailing-wind-sat/domain.pddl,files/ipc2026-dataset-main/sailing-wind-sat/instances/problem_4.pddl
PATTY,ipc2026-dataset-main/sailing-wind-sat,files/ipc2026-dataset-main/sailing-wind-sat/domain.pddl,files/ipc2026-dataset-main/sailing-wind-sat/instances/problem_5.pddl
PATTY-BV,ipc2026-dataset-main/sailing-wind-sat,files/ipc2026-dataset-main/sailing-wind-sat/domain.pddl,files/ipc2026-dataset-main/sailing-wind-sat/instances/problem_5.pddl
PATTY,ipc2026-dataset-main/sailing-wind-sat,files/ipc2026-dataset-main/sailing-wind-sat/domain.pddl,files/ipc2026-dataset-main/sailing-wind-sat/instances/problem_6.pddl
PATTY-BV,ipc2026-dataset-main/sailing-wind-sat,files/ipc2026-dataset-main/sailing-wind-sat/domain.pddl,files/ipc2026-dataset-main/sailing-wind-sat/instances/problem_6.pddl
PATTY,ipc2026-dataset-main/sailing-wind-sat,files/ipc2026-dataset-main/sailing-wind-sat/domain.pddl,files/ipc2026-dataset-main/sailing-wind-sat/instances/problem_7.pddl
PATTY-BV,ipc2026-dataset-main/sailing-wind-sat,files/ipc2026-dataset-main/sailing-wind-sat/domain.pddl,files/ipc2026-dataset-main/sailing-wind-sat/instances/problem_7.pddl
PATTY,ipc2026-dataset-main/sailing-wind-sat,files/ipc2026-dataset-main/sailing-wind-sat/domain.pddl,files/ipc2026-dataset-main/sailing-wind-sat/instances/problem_8.pddl
PATTY-BV,ipc2026-dataset-main/sailing-wind-sat,files/ipc2026-dataset-main/sailing-wind-sat/domain.pddl,files/ipc2026-dataset-main/sailing-wind-sat/instances/problem_8.pddl
PATTY,ipc2026-dataset-main/sailing-wind-sat,files/ipc2026-dataset-main/sailing-wind-sat/domain.pddl,files/ipc2026-dataset-main/sailing-wind-sat/instances/problem_9.pddl
PATTY-BV,ipc2026-dataset-main/sailing-wind-sat,files/ipc2026-dataset-main/sailing-wind-sat/domain.pddl,files/ipc2026-dataset-main/sailing-wind-sat/instances/problem_9.pddl
PATTY,ipc2026-dataset-main/settlers-snp,files/ipc2026-dataset-main/settlers-snp/domain.pddl,files/ipc2026-dataset-main/settlers-snp/instances/pfile1.pddl
PATTY-BV,ipc2026-dataset-main/settlers-snp,files/ipc2026-dataset-main/settlers-snp/domain.pddl,files/ipc2026-dataset-main/settlers-snp/instances/pfile1.pddl
PATTY,ipc2026-dataset-main/settlers-snp,files/ipc2026-dataset-main/settlers-snp/domain.pddl,files/ipc2026-dataset-main/settlers-snp/instances/pfile10.pddl
PATTY-BV,ipc2026-dataset-main/settlers-snp,files/ipc2026-dataset-main/settlers-snp/domain.pddl,files/ipc2026-dataset-main/settlers-snp/instances/pfile10.pddl
PATTY,ipc2026-dataset-main/settlers-snp,files/ipc2026-dataset-main/settlers-snp/domain.pddl,files/ipc2026-dataset-main/settlers-snp/instances/pfile11.pddl
PATTY-BV,ipc2026-dataset-main/settlers-snp,files/ipc2026-dataset-main/settlers-snp/domain.pddl,files/ipc2026-dataset-main/settlers-snp/instances/pfile11.pddl
PATTY,ipc2026-dataset-main/settlers-snp,files/ipc2026-dataset-main/settlers-snp/domain.pddl,files/ipc2026-dataset-main/settlers-snp/instances/pfile12.pddl
PATTY-BV,ipc2026-dataset-main/settlers-snp,files/ipc2026-dataset-main/settlers-snp/domain.pddl,files/ipc2026-dataset-main/settlers-snp/instances/pfile12.pddl
PATTY,ipc2026-dataset-main/settlers-snp,files/ipc2026-dataset-main/settlers-snp/domain.pddl,files/ipc2026-dataset-main/settlers-snp/instances/pfile13.pddl
PATTY-BV,ipc2026-dataset-main/settlers-snp,files/ipc2026-dataset-main/settlers-snp/domain.pddl,files/ipc2026-dataset-main/settlers-snp/instances/pfile13.pddl
PATTY,ipc2026-dataset-main/settlers-snp,files/ipc2026-dataset-main/settlers-snp/domain.pddl,files/ipc2026-dataset-main/settlers-snp/instances/pfile14.pddl
PATTY-BV,ipc2026-dataset-main/settlers-snp,files/ipc2026-dataset-main/settlers-snp/domain.pddl,files/ipc2026-dataset-main/settlers-snp/instances/pfile14.pddl
PATTY,ipc2026-dataset-main/settlers-snp,files/ipc2026-dataset-main/settlers-snp/domain.pddl,files/ipc2026-dataset-main/settlers-snp/instances/pfile15.pddl
PATTY-BV,ipc2026-dataset-main/settlers-snp,files/ipc2026-dataset-main/settlers-snp/domain.pddl,files/ipc2026-dataset-main/settlers-snp/instances/pfile15.pddl
PATTY,ipc2026-dataset-main/settlers-snp,files/ipc2026-dataset-main/settlers-snp/domain.pddl,files/ipc2026-dataset-main/settlers-snp/instances/pfile16.pddl
PATTY-BV,ipc2026-dataset-main/settlers-snp,files/ipc2026-dataset-main/settlers-snp/domain.pddl,files/ipc2026-dataset-main/settlers-snp/instances/pfile16.pddl
PATTY,ipc2026-dataset-main/settlers-snp,files/ipc2026-dataset-main/settlers-snp/domain.pddl,files/ipc2026-dataset-main/settlers-snp/instances/pfile17.pddl
PATTY-BV,ipc2026-dataset-main/settlers-snp,files/ipc2026-dataset-main/settlers-snp/domain.pddl,files/ipc2026-dataset-main/settlers-snp/instances/pfile17.pddl
PATTY,ipc2026-dataset-main/settlers-snp,files/ipc2026-dataset-main/settlers-snp/domain.pddl,files/ipc2026-dataset-main/settlers-snp/instances/pfile18.pddl
PATTY-BV,ipc2026-dataset-main/settlers-snp,files/ipc2026-dataset-main/settlers-snp/domain.pddl,files/ipc2026-dataset-main/settlers-snp/instances/pfile18.pddl
PATTY,ipc2026-dataset-main/settlers-snp,files/ipc2026-dataset-main/settlers-snp/domain.pddl,files/ipc2026-dataset-main/settlers-snp/instances/pfile19.pddl
PATTY-BV,ipc2026-dataset-main/settlers-snp,files/ipc2026-dataset-main/settlers-snp/domain.pddl,files/ipc2026-dataset-main/settlers-snp/instances/pfile19.pddl
PATTY,ipc2026-dataset-main/settlers-snp,files/ipc2026-dataset-main/settlers-snp/domain.pddl,files/ipc2026-dataset-main/settlers-snp/instances/pfile2.pddl
PATTY-BV,ipc2026-dataset-main/settlers-snp,files/ipc2026-dataset-main/settlers-snp/domain.pddl,files/ipc2026-dataset-main/settlers-snp/instances/pfile2.pddl
PATTY,ipc2026-dataset-main/settlers-snp,files/ipc2026-dataset-main/settlers-snp/domain.pddl,files/ipc2026-dataset-main/settlers-snp/instances/pfile20.pddl
PATTY-BV,ipc2026-dataset-main/settlers-snp,files/ipc2026-dataset-main/settlers-snp/domain.pddl,files/ipc2026-dataset-main/settlers-snp/instances/pfile20.pddl
PATTY,ipc2026-dataset-main/settlers-snp,files/ipc2026-dataset-main/settlers-snp/domain.pddl,files/ipc2026-dataset-main/settlers-snp/instances/pfile3.pddl
PATTY-BV,ipc2026-dataset-main/settlers-snp,files/ipc2026-dataset-main/settlers-snp/domain.pddl,files/ipc2026-dataset-main/settlers-snp/instances/pfile3.pddl
PATTY,ipc2026-dataset-main/settlers-snp,files/ipc2026-dataset-main/settlers-snp/domain.pddl,files/ipc2026-dataset-main/settlers-snp/instances/pfile4.pddl
PATTY-BV,ipc2026-dataset-main/settlers-snp,files/ipc2026-dataset-main/settlers-snp/domain.pddl,files/ipc2026-dataset-main/settlers-snp/instances/pfile4.pddl
PATTY,ipc2026-dataset-main/settlers-snp,files/ipc2026-dataset-main/settlers-snp/domain.pddl,files/ipc2026-dataset-main/settlers-snp/instances/pfile5.pddl
PATTY-BV,ipc2026-dataset-main/settlers-snp,files/ipc2026-dataset-main/settlers-snp/domain.pddl,files/ipc2026-dataset-main/settlers-snp/instances/pfile5.pddl
PATTY,ipc2026-dataset-main/settlers-snp,files/ipc2026-dataset-main/settlers-snp/domain.pddl,files/ipc2026-dataset-main/settlers-snp/instances/pfile6.pddl
PATTY-BV,ipc2026-dataset-main/settlers-snp,files/ipc2026-dataset-main/settlers-snp/domain.pddl,files/ipc2026-dataset-main/settlers-snp/instances/pfile6.pddl
PATTY,ipc2026-dataset-main/settlers-snp,files/ipc2026-dataset-main/settlers-snp/domain.pddl,files/ipc2026-dataset-main/settlers-snp/instances/pfile7.pddl
PATTY-BV,ipc2026-dataset-main/settlers-snp,files/ipc2026-dataset-main/settlers-snp/domain.pddl,files/ipc2026-dataset-main/settlers-snp/instances/pfile7.pddl
PATTY,ipc2026-dataset-main/settlers-snp,files/ipc2026-dataset-main/settlers-snp/domain.pddl,files/ipc2026-dataset-main/settlers-snp/instances/pfile8.pddl
PATTY-BV,ipc2026-dataset-main/settlers-snp,files/ipc2026-dataset-main/settlers-snp/domain.pddl,files/ipc2026-dataset-main/settlers-snp/instances/pfile8.pddl
PATTY,ipc2026-dataset-main/settlers-snp,files/ipc2026-dataset-main/settlers-snp/domain.pddl,files/ipc2026-dataset-main/settlers-snp/instances/pfile9.pddl
PATTY-BV,ipc2026-dataset-main/settlers-snp,files/ipc2026-dataset-main/settlers-snp/domain.pddl,files/ipc2026-dataset-main/settlers-snp/instances/pfile9.pddl
PATTY,ipc2026-dataset-main/ztalloc-sum,files/ipc2026-dataset-main/ztalloc-sum/domain.pddl,files/ipc2026-dataset-main/ztalloc-sum/instances/pfile1.pddl
PATTY-BV,ipc2026-dataset-main/ztalloc-sum,files/ipc2026-dataset-main/ztalloc-sum/domain.pddl,files/ipc2026-dataset-main/ztalloc-sum/instances/pfile1.pddl
PATTY,ipc2026-dataset-main/ztalloc-sum,files/ipc2026-dataset-main/ztalloc-sum/domain.pddl,files/ipc2026-dataset-main/ztalloc-sum/instances/pfile10.pddl
PATTY-BV,ipc2026-dataset-main/ztalloc-sum,files/ipc2026-dataset-main/ztalloc-sum/domain.pddl,files/ipc2026-dataset-main/ztalloc-sum/instances/pfile10.pddl
PATTY,ipc2026-dataset-main/ztalloc-sum,files/ipc2026-dataset-main/ztalloc-sum/domain.pddl,files/ipc2026-dataset-main/ztalloc-sum/instances/pfile11.pddl
PATTY-BV,ipc2026-dataset-main/ztalloc-sum,files/ipc2026-dataset-main/ztalloc-sum/domain.pddl,files/ipc2026-dataset-main/ztalloc-sum/instances/pfile11.pddl
PATTY,ipc2026-dataset-main/ztalloc-sum,files/ipc2026-dataset-main/ztalloc-sum/domain.pddl,files/ipc2026-dataset-main/ztalloc-sum/instances/pfile12.pddl
PATTY-BV,ipc2026-dataset-main/ztalloc-sum,files/ipc2026-dataset-main/ztalloc-sum/domain.pddl,files/ipc2026-dataset-main/ztalloc-sum/instances/pfile12.pddl
PATTY,ipc2026-dataset-main/ztalloc-sum,files/ipc2026-dataset-main/ztalloc-sum/domain.pddl,files/ipc2026-dataset-main/ztalloc-sum/instances/pfile13.pddl
PATTY-BV,ipc2026-dataset-main/ztalloc-sum,files/ipc2026-dataset-main/ztalloc-sum/domain.pddl,files/ipc2026-dataset-main/ztalloc-sum/instances/pfile13.pddl
PATTY,ipc2026-dataset-main/ztalloc-sum,files/ipc2026-dataset-main/ztalloc-sum/domain.pddl,files/ipc2026-dataset-main/ztalloc-sum/instances/pfile14.pddl
PATTY-BV,ipc2026-dataset-main/ztalloc-sum,files/ipc2026-dataset-main/ztalloc-sum/domain.pddl,files/ipc2026-dataset-main/ztalloc-sum/instances/pfile14.pddl
PATTY,ipc2026-dataset-main/ztalloc-sum,files/ipc2026-dataset-main/ztalloc-sum/domain.pddl,files/ipc2026-dataset-main/ztalloc-sum/instances/pfile15.pddl
PATTY-BV,ipc2026-dataset-main/ztalloc-sum,files/ipc2026-dataset-main/ztalloc-sum/domain.pddl,files/ipc2026-dataset-main/ztalloc-sum/instances/pfile15.pddl
PATTY,ipc2026-dataset-main/ztalloc-sum,files/ipc2026-dataset-main/ztalloc-sum/domain.pddl,files/ipc2026-dataset-main/ztalloc-sum/instances/pfile16.pddl
PATTY-BV,ipc2026-dataset-main/ztalloc-sum,files/ipc2026-dataset-main/ztalloc-sum/domain.pddl,files/ipc2026-dataset-main/ztalloc-sum/instances/pfile16.pddl
PATTY,ipc2026-dataset-main/ztalloc-sum,files/ipc2026-dataset-main/ztalloc-sum/domain.pddl,files/ipc2026-dataset-main/ztalloc-sum/instances/pfile17.pddl
PATTY-BV,ipc2026-dataset-main/ztalloc-sum,files/ipc2026-dataset-main/ztalloc-sum/domain.pddl,files/ipc2026-dataset-main/ztalloc-sum/instances/pfile17.pddl
PATTY,ipc2026-dataset-main/ztalloc-sum,files/ipc2026-dataset-main/ztalloc-sum/domain.pddl,files/ipc2026-dataset-main/ztalloc-sum/instances/pfile18.pddl
PATTY-BV,ipc2026-dataset-main/ztalloc-sum,files/ipc2026-dataset-main/ztalloc-sum/domain.pddl,files/ipc2026-dataset-main/ztalloc-sum/instances/pfile18.pddl
PATTY,ipc2026-dataset-main/ztalloc-sum,files/ipc2026-dataset-main/ztalloc-sum/domain.pddl,files/ipc2026-dataset-main/ztalloc-sum/instances/pfile19.pddl
PATTY-BV,ipc2026-dataset-main/ztalloc-sum,files/ipc2026-dataset-main/ztalloc-sum/domain.pddl,files/ipc2026-dataset-main/ztalloc-sum/instances/pfile19.pddl
PATTY,ipc2026-dataset-main/ztalloc-sum,files/ipc2026-dataset-main/ztalloc-sum/domain.pddl,files/ipc2026-dataset-main/ztalloc-sum/instances/pfile2.pddl
PATTY-BV,ipc2026-dataset-main/ztalloc-sum,files/ipc2026-dataset-main/ztalloc-sum/domain.pddl,files/ipc2026-dataset-main/ztalloc-sum/instances/pfile2.pddl
PATTY,ipc2026-dataset-main/ztalloc-sum,files/ipc2026-dataset-main/ztalloc-sum/domain.pddl,files/ipc2026-dataset-main/ztalloc-sum/instances/pfile20.pddl
PATTY-BV,ipc2026-dataset-main/ztalloc-sum,files/ipc2026-dataset-main/ztalloc-sum/domain.pddl,files/ipc2026-dataset-main/ztalloc-sum/instances/pfile20.pddl
PATTY,ipc2026-dataset-main/ztalloc-sum,files/ipc2026-dataset-main/ztalloc-sum/domain.pddl,files/ipc2026-dataset-main/ztalloc-sum/instances/pfile3.pddl
PATTY-BV,ipc2026-dataset-main/ztalloc-sum,files/ipc2026-dataset-main/ztalloc-sum/domain.pddl,files/ipc2026-dataset-main/ztalloc-sum/instances/pfile3.pddl
PATTY,ipc2026-dataset-main/ztalloc-sum,files/ipc2026-dataset-main/ztalloc-sum/domain.pddl,files/ipc2026-dataset-main/ztalloc-sum/instances/pfile4.pddl
PATTY-BV,ipc2026-dataset-main/ztalloc-sum,files/ipc2026-dataset-main/ztalloc-sum/domain.pddl,files/ipc2026-dataset-main/ztalloc-sum/instances/pfile4.pddl
PATTY,ipc2026-dataset-main/ztalloc-sum,files/ipc2026-dataset-main/ztalloc-sum/domain.pddl,files/ipc2026-dataset-main/ztalloc-sum/instances/pfile5.pddl
PATTY-BV,ipc2026-dataset-main/ztalloc-sum,files/ipc2026-dataset-main/ztalloc-sum/domain.pddl,files/ipc2026-dataset-main/ztalloc-sum/instances/pfile5.pddl
PATTY,ipc2026-dataset-main/ztalloc-sum,files/ipc2026-dataset-main/ztalloc-sum/domain.pddl,files/ipc2026-dataset-main/ztalloc-sum/instances/pfile6.pddl
PATTY-BV,ipc2026-dataset-main/ztalloc-sum,files/ipc2026-dataset-main/ztalloc-sum/domain.pddl,files/ipc2026-dataset-main/ztalloc-sum/instances/pfile6.pddl
PATTY,ipc2026-dataset-main/ztalloc-sum,files/ipc2026-dataset-main/ztalloc-sum/domain.pddl,files/ipc2026-dataset-main/ztalloc-sum/instances/pfile7.pddl
PATTY-BV,ipc2026-dataset-main/ztalloc-sum,files/ipc2026-dataset-main/ztalloc-sum/domain.pddl,files/ipc2026-dataset-main/ztalloc-sum/instances/pfile7.pddl
PATTY,ipc2026-dataset-main/ztalloc-sum,files/ipc2026-dataset-main/ztalloc-sum/domain.pddl,files/ipc2026-dataset-main/ztalloc-sum/instances/pfile8.pddl
PATTY-BV,ipc2026-dataset-main/ztalloc-sum,files/ipc2026-dataset-main/ztalloc-sum/domain.pddl,files/ipc2026-dataset-main/ztalloc-sum/instances/pfile8.pddl
PATTY,ipc2026-dataset-main/ztalloc-sum,files/ipc2026-dataset-main/ztalloc-sum/domain.pddl,files/ipc2026-dataset-main/ztalloc-sum/instances/pfile9.pddl
PATTY-BV,ipc2026-dataset-main/ztalloc-sum,files/ipc2026-dataset-main/ztalloc-sum/domain.pddl,files/ipc2026-dataset-main/ztalloc-sum/instances/pfile9.pddl
